RHEA_ID	Info
RHEA:35779	DNE
RHEA:35780	DNE
RHEA:35781	DNE
RHEA:35782	DNE
RHEA:36091	DNE
RHEA:36092	DNE
RHEA:36093	DNE
RHEA:36094	DNE
RHEA:36551	DNE
RHEA:36552	DNE
RHEA:36553	DNE
RHEA:36554	DNE
RHEA:38459	DNE
RHEA:38460	DNE
RHEA:38461	DNE
RHEA:38462	DNE
RHEA:38467	DNE
RHEA:38468	DNE
RHEA:38469	DNE
RHEA:38470	DNE
RHEA:38535	DNE
RHEA:38536	DNE
RHEA:38537	DNE
RHEA:38538	DNE
RHEA:38539	DNE
RHEA:38540	DNE
RHEA:38541	DNE
RHEA:38542	DNE
RHEA:39867	DNE
RHEA:39868	DNE
RHEA:39869	DNE
RHEA:39870	DNE
RHEA:40215	DNE
RHEA:40216	DNE
RHEA:40217	DNE
RHEA:40218	DNE
RHEA:40719	DNE
RHEA:40720	DNE
RHEA:40721	DNE
RHEA:40722	DNE
RHEA:41235	DNE
RHEA:41236	DNE
RHEA:41237	DNE
RHEA:41238	DNE
RHEA:41319	DNE
RHEA:41766	error
RHEA:41767	error
RHEA:41768	error
RHEA:41769	error
RHEA:41770	error
RHEA:41774	error
RHEA:41775	error
RHEA:41776	error
RHEA:41777	error
RHEA:41778	error
RHEA:41779	error
RHEA:41780	error
RHEA:41781	error
RHEA:41782	error
RHEA:41784	error
RHEA:41785	error
RHEA:41787	error
RHEA:41788	error
RHEA:41789	error
RHEA:41790	error
RHEA:41791	error
RHEA:41792	error
RHEA:41797	error
RHEA:41798	error
RHEA:41799	error
RHEA:41800	error
RHEA:41803	error
RHEA:41804	error
RHEA:41806	error
RHEA:41807	error
RHEA:41810	error
RHEA:41811	error
RHEA:41812	error
RHEA:41813	error
RHEA:41814	error
RHEA:41815	error
RHEA:41817	error
RHEA:41818	error
RHEA:41821	error
RHEA:41822	error
RHEA:41823	error
RHEA:41824	error
RHEA:41825	error
RHEA:41826	error
RHEA:41827	error
RHEA:41828	error
RHEA:41830	error
RHEA:41831	error
RHEA:41833	error
RHEA:41834	error
RHEA:41835	error
RHEA:41836	error
RHEA:41837	error
RHEA:41838	error
RHEA:41839	error
RHEA:41840	error
RHEA:41842	error
RHEA:41843	error
RHEA:41846	error
RHEA:41847	error
RHEA:41848	error
RHEA:41849	error
RHEA:41850	error
RHEA:41851	error
RHEA:41852	error
RHEA:41853	error
RHEA:41854	error
RHEA:41856	error
RHEA:41858	error
RHEA:41860	error
RHEA:41861	error
RHEA:41862	error
RHEA:41863	error
RHEA:41864	error
RHEA:41865	error
RHEA:41867	error
RHEA:41868	error
RHEA:41870	error
RHEA:41871	error
RHEA:41872	error
RHEA:41873	error
RHEA:41874	error
RHEA:41875	error
RHEA:41876	error
RHEA:41877	error
RHEA:41878	error
RHEA:41880	error
RHEA:41883	error
RHEA:41884	error
RHEA:41885	error
RHEA:41886	error
RHEA:41887	error
RHEA:41888	error
RHEA:41890	error
RHEA:41891	error
RHEA:41892	error
RHEA:41893	error
RHEA:41896	error
RHEA:41897	error
RHEA:41898	error
RHEA:41899	error
RHEA:41900	error
RHEA:41901	error
RHEA:41902	error
RHEA:41904	error
RHEA:41905	error
RHEA:41906	error
RHEA:41978	error
RHEA:41979	error
RHEA:41981	error
RHEA:41982	error
RHEA:41985	error
RHEA:41987	error
RHEA:41988	error
RHEA:41989	error
RHEA:41991	error
RHEA:41994	error
RHEA:41996	error
RHEA:41997	error
RHEA:41998	error
RHEA:41999	error
RHEA:42000	error
RHEA:42002	error
RHEA:42003	error
RHEA:42006	error
RHEA:42007	error
RHEA:42008	error
RHEA:42009	error
RHEA:42013	error
RHEA:42014	error
RHEA:42016	error
RHEA:42017	error
RHEA:42018	error
RHEA:42019	error
RHEA:42020	error
RHEA:42022	error
RHEA:42025	error
RHEA:42029	error
RHEA:42030	error
RHEA:42031	error
RHEA:42032	error
RHEA:42033	error
RHEA:42035	error
RHEA:42037	error
RHEA:42038	error
RHEA:42039	error
RHEA:42040	error
RHEA:42041	error
RHEA:42043	error
RHEA:42044	error
RHEA:42048	error
RHEA:42049	error
RHEA:42050	error
RHEA:42051	error
RHEA:42053	error
RHEA:42054	error
RHEA:42055	error
RHEA:42056	error
RHEA:42058	error
RHEA:42060	error
RHEA:42061	error
RHEA:42062	error
RHEA:42063	error
RHEA:42065	error
RHEA:42066	error
RHEA:42070	error
RHEA:42071	error
RHEA:42072	error
RHEA:42073	error
RHEA:42074	error
RHEA:42075	error
RHEA:42076	error
RHEA:42077	error
RHEA:42078	error
RHEA:42080	error
RHEA:42083	error
RHEA:42084	error
RHEA:42085	error
RHEA:42086	error
RHEA:42087	error
RHEA:42088	error
RHEA:42089	error
RHEA:42090	error
RHEA:42091	error
RHEA:42093	error
RHEA:42094	error
RHEA:42096	error
RHEA:42097	error
RHEA:42098	error
RHEA:42099	error
RHEA:42100	error
RHEA:42102	error
RHEA:42104	error
RHEA:42105	error
RHEA:42108	error
RHEA:42109	error
RHEA:42110	error
RHEA:42111	error
RHEA:42197	error
RHEA:42198	error
RHEA:42200	error
RHEA:42202	error
RHEA:42203	error
RHEA:42204	error
RHEA:42205	error
RHEA:42206	error
RHEA:42207	error
RHEA:42208	error
RHEA:42209	error
RHEA:42210	error
RHEA:42214	error
RHEA:42215	error
RHEA:42216	error
RHEA:42217	error
RHEA:42218	error
RHEA:42219	error
RHEA:42221	error
RHEA:42224	error
RHEA:42225	error
RHEA:42227	error
RHEA:42228	error
RHEA:42229	error
RHEA:42230	error
RHEA:42232	error
RHEA:42233	error
RHEA:42236	error
RHEA:42237	error
RHEA:42238	error
RHEA:42239	error
RHEA:42240	error
RHEA:42241	error
RHEA:42242	error
RHEA:42244	error
RHEA:42245	error
RHEA:42247	error
RHEA:42248	error
RHEA:42249	error
RHEA:42250	error
RHEA:42251	error
RHEA:42252	error
RHEA:42254	error
RHEA:42259	error
RHEA:42260	error
RHEA:42261	error
RHEA:42262	error
RHEA:42263	error
RHEA:42264	error
RHEA:42265	error
RHEA:42266	error
RHEA:42267	error
RHEA:42268	error
RHEA:42270	error
RHEA:42272	error
RHEA:42274	error
RHEA:42276	error
RHEA:42277	error
RHEA:42278	error
RHEA:42279	error
RHEA:42280	error
RHEA:42281	error
RHEA:42282	error
RHEA:42286	error
RHEA:42287	error
RHEA:42288	error
RHEA:42289	error
RHEA:42290	error
RHEA:42291	error
RHEA:42294	error
RHEA:42295	error
RHEA:42296	error
RHEA:42298	error
RHEA:42301	error
RHEA:42302	error
RHEA:42303	error
RHEA:42304	error
RHEA:42305	error
RHEA:42306	error
RHEA:42307	error
RHEA:42311	error
RHEA:42312	error
RHEA:42313	error
RHEA:42314	error
RHEA:42315	error
RHEA:42316	error
RHEA:42317	error
RHEA:42319	error
RHEA:42320	error
RHEA:42322	error
RHEA:42323	error
RHEA:42327	error
RHEA:42328	error
RHEA:42329	error
RHEA:42330	error
RHEA:42331	error
RHEA:42400	error
RHEA:42401	error
RHEA:42402	error
RHEA:42403	error
RHEA:42404	error
RHEA:42405	error
RHEA:42406	error
RHEA:42410	error
RHEA:42411	error
RHEA:42412	error
RHEA:42413	error
RHEA:42414	error
RHEA:42415	error
RHEA:42417	error
RHEA:42418	error
RHEA:42419	error
RHEA:42421	error
RHEA:42422	error
RHEA:42425	error
RHEA:42426	error
RHEA:42427	error
RHEA:42428	error
RHEA:42429	error
RHEA:42430	error
RHEA:42431	error
RHEA:42432	error
RHEA:42434	error
RHEA:42435	error
RHEA:42437	error
RHEA:42438	error
RHEA:42439	error
RHEA:42440	error
RHEA:42441	error
RHEA:42442	error
RHEA:42443	error
RHEA:42445	error
RHEA:42446	error
RHEA:42447	error
RHEA:42448	error
RHEA:42449	error
RHEA:42452	error
RHEA:42454	error
RHEA:42455	error
RHEA:42456	error
RHEA:42457	error
RHEA:42458	error
RHEA:42464	error
RHEA:42465	error
RHEA:42466	error
RHEA:42467	error
RHEA:42468	error
RHEA:42469	error
RHEA:42471	error
RHEA:42473	error
RHEA:42474	error
RHEA:42475	error
RHEA:42477	error
RHEA:42478	error
RHEA:42479	error
RHEA:42481	error
RHEA:42484	error
RHEA:42485	error
RHEA:42486	error
RHEA:42487	error
RHEA:42488	error
RHEA:42489	error
RHEA:42490	error
RHEA:42492	error
RHEA:42495	error
RHEA:42496	error
RHEA:42497	error
RHEA:42499	error
RHEA:42500	error
RHEA:42502	error
RHEA:42503	error
RHEA:42505	error
RHEA:42508	error
RHEA:42509	error
RHEA:42510	error
RHEA:42511	error
RHEA:42513	error
RHEA:42514	error
RHEA:42515	error
RHEA:42516	error
RHEA:42517	error
RHEA:42519	error
RHEA:42522	error
RHEA:42523	error
RHEA:42524	error
RHEA:42525	error
RHEA:42526	error
RHEA:42527	error
RHEA:42646	error
RHEA:42647	error
RHEA:42648	error
RHEA:42649	error
RHEA:42651	error
RHEA:42652	error
RHEA:42653	error
RHEA:42654	error
RHEA:42656	error
RHEA:42657	error
RHEA:42658	error
RHEA:42659	error
RHEA:42660	error
RHEA:42661	error
RHEA:42662	error
RHEA:42664	error
RHEA:42666	error
RHEA:42668	error
RHEA:42670	error
RHEA:42671	error
RHEA:42672	error
RHEA:42673	error
RHEA:42674	error
RHEA:42675	error
RHEA:42676	error
RHEA:42677	error
RHEA:42679	error
RHEA:42683	error
RHEA:42684	error
RHEA:42685	error
RHEA:42686	error
RHEA:42687	error
RHEA:42688	error
RHEA:42690	error
RHEA:42694	error
RHEA:42695	error
RHEA:42696	error
RHEA:42697	error
RHEA:42698	error
RHEA:42699	error
RHEA:42700	error
RHEA:42701	error
RHEA:42702	error
RHEA:42704	error
RHEA:42706	error
RHEA:42707	error
RHEA:42708	error
RHEA:42709	error
RHEA:42710	error
RHEA:42712	error
RHEA:42713	error
RHEA:42714	error
RHEA:42717	error
RHEA:42718	error
RHEA:42719	error
RHEA:42720	error
RHEA:42721	error
RHEA:42722	error
RHEA:42889	error
RHEA:42890	error
RHEA:42891	error
RHEA:42892	error
RHEA:42893	error
RHEA:42894	error
RHEA:42895	error
RHEA:42897	error
RHEA:42898	error
RHEA:42901	error
RHEA:42902	error
RHEA:42904	error
RHEA:42905	error
RHEA:42906	error
RHEA:42907	error
RHEA:42909	error
RHEA:42911	error
RHEA:42912	error
RHEA:42913	error
RHEA:42914	error
RHEA:42915	error
RHEA:42916	error
RHEA:42917	error
RHEA:42918	error
RHEA:42919	error
RHEA:42920	error
RHEA:42924	error
RHEA:42925	error
RHEA:42926	error
RHEA:42927	error
RHEA:42928	error
RHEA:42929	error
RHEA:42930	error
RHEA:42931	error
RHEA:42933	error
RHEA:42934	error
RHEA:42937	error
RHEA:42939	error
RHEA:42941	error
RHEA:42942	error
RHEA:42943	error
RHEA:42944	error
RHEA:42945	error
RHEA:42946	error
RHEA:42947	error
RHEA:42951	error
RHEA:42952	error
RHEA:42953	error
RHEA:42954	error
RHEA:42955	error
RHEA:42956	error
RHEA:42957	error
RHEA:42958	error
RHEA:42960	error
RHEA:42963	error
RHEA:42964	error
RHEA:42965	error
RHEA:42966	error
RHEA:42967	error
RHEA:42968	error
RHEA:42969	error
RHEA:42973	error
RHEA:42974	error
RHEA:42975	error
RHEA:42977	error
RHEA:42978	error
RHEA:42979	error
RHEA:42981	error
RHEA:42984	error
RHEA:42985	error
RHEA:42986	error
RHEA:42987	error
RHEA:42988	error
RHEA:42989	error
RHEA:42990	error
RHEA:42991	error
RHEA:42992	error
RHEA:42994	error
RHEA:42997	error
RHEA:42998	error
RHEA:42999	error
RHEA:43000	error
RHEA:43001	error
RHEA:43003	error
RHEA:43004	error
RHEA:43005	error
RHEA:43007	error
RHEA:43008	error
RHEA:43011	error
RHEA:43012	error
RHEA:43014	error
RHEA:43015	error
RHEA:43016	error
RHEA:43017	error
RHEA:43018	error
RHEA:43096	error
RHEA:43097	error
RHEA:43098	error
RHEA:43099	error
RHEA:43102	error
RHEA:43105	error
RHEA:43106	error
RHEA:43107	error
RHEA:43108	error
RHEA:43111	error
RHEA:43114	error
RHEA:43115	error
RHEA:43116	error
RHEA:43117	error
RHEA:43118	error
RHEA:43119	error
RHEA:43123	error
RHEA:43124	error
RHEA:43125	error
RHEA:43126	error
RHEA:43127	error
RHEA:43128	error
RHEA:43130	error
RHEA:43134	error
RHEA:43135	error
RHEA:43136	error
RHEA:43137	error
RHEA:43138	error
RHEA:43139	error
RHEA:43140	error
RHEA:43141	error
RHEA:43142	error
RHEA:43144	error
RHEA:43147	error
RHEA:43148	error
RHEA:43149	error
RHEA:43150	error
RHEA:43151	error
RHEA:43152	error
RHEA:43153	error
RHEA:43154	error
RHEA:43155	error
RHEA:43157	error
RHEA:43159	error
RHEA:43160	error
RHEA:43161	error
RHEA:43162	error
RHEA:43163	error
RHEA:43164	error
RHEA:43165	error
RHEA:43166	error
RHEA:43167	error
RHEA:43168	error
RHEA:43171	error
RHEA:43172	error
RHEA:43173	error
RHEA:43174	error
RHEA:43176	error
RHEA:43177	error
RHEA:43178	error
RHEA:43180	error
RHEA:43183	error
RHEA:43184	error
RHEA:43185	error
RHEA:43186	error
RHEA:43187	error
RHEA:43188	error
RHEA:43189	error
RHEA:43191	error
RHEA:43194	error
RHEA:43195	error
RHEA:43196	error
RHEA:43197	error
RHEA:43198	error
RHEA:43199	error
RHEA:43201	error
RHEA:43203	error
RHEA:43204	error
RHEA:43205	error
RHEA:43206	error
RHEA:43207	error
RHEA:43209	error
RHEA:43212	error
RHEA:43213	error
RHEA:43215	error
RHEA:43216	error
RHEA:43217	error
RHEA:43218	error
RHEA:43219	error
RHEA:43220	error
RHEA:43222	error
RHEA:43316	error
RHEA:43317	error
RHEA:43318	error
RHEA:43321	error
RHEA:43322	error
RHEA:43324	error
RHEA:43325	error
RHEA:43328	error
RHEA:43329	error
RHEA:43330	error
RHEA:43331	error
RHEA:43332	error
RHEA:43333	error
RHEA:43338	error
RHEA:43339	error
RHEA:43340	error
RHEA:43341	error
RHEA:43342	error
RHEA:43343	error
RHEA:43344	error
RHEA:43346	error
RHEA:43350	error
RHEA:43351	error
RHEA:43352	error
RHEA:43353	error
RHEA:43354	error
RHEA:43355	error
RHEA:43356	error
RHEA:43360	error
RHEA:43361	error
RHEA:43362	error
RHEA:43363	error
RHEA:43365	error
RHEA:43366	error
RHEA:43367	error
RHEA:43368	error
RHEA:43369	error
RHEA:43371	error
RHEA:43372	error
RHEA:43375	error
RHEA:43376	error
RHEA:43379	error
RHEA:43380	error
RHEA:43381	error
RHEA:43382	error
RHEA:43383	error
RHEA:43386	error
RHEA:43387	error
RHEA:43388	error
RHEA:43389	error
RHEA:43390	error
RHEA:43391	error
RHEA:43392	error
RHEA:43393	error
RHEA:43394	error
RHEA:43395	error
RHEA:43397	error
RHEA:43398	error
RHEA:43401	error
RHEA:43402	error
RHEA:43403	error
RHEA:43404	error
RHEA:43405	error
RHEA:43406	error
RHEA:43408	error
RHEA:43409	error
RHEA:43410	error
RHEA:43412	error
RHEA:43415	error
RHEA:43416	error
RHEA:43417	error
RHEA:43418	error
RHEA:43419	error
RHEA:43422	error
RHEA:43423	error
RHEA:43426	error
RHEA:43427	error
RHEA:43429	error
RHEA:43430	error
RHEA:43431	error
RHEA:43432	error
RHEA:43433	error
RHEA:43434	error
RHEA:43435	error
RHEA:43437	error
RHEA:43438	error
RHEA:43441	error
RHEA:43442	error
RHEA:43443	error
RHEA:43444	error
RHEA:43445	error
RHEA:43446	error
RHEA:43447	error
RHEA:43448	error
RHEA:43449	error
RHEA:43451	error
RHEA:43523	error
RHEA:43526	error
RHEA:43527	error
RHEA:43528	error
RHEA:43529	error
RHEA:43530	error
RHEA:43532	error
RHEA:43533	error
RHEA:43536	error
RHEA:43537	error
RHEA:43538	error
RHEA:43539	error
RHEA:43540	error
RHEA:43541	error
RHEA:43542	error
RHEA:43543	error
RHEA:43546	error
RHEA:43548	error
RHEA:43549	error
RHEA:43550	error
RHEA:43551	error
RHEA:43552	error
RHEA:43553	error
RHEA:43555	error
RHEA:43556	error
RHEA:43561	error
RHEA:43562	error
RHEA:43563	error
RHEA:43564	error
RHEA:43565	error
RHEA:43566	error
RHEA:43568	error
RHEA:43571	error
RHEA:43572	error
RHEA:43573	error
RHEA:43574	error
RHEA:43575	error
RHEA:43577	error
RHEA:43578	error
RHEA:43580	error
RHEA:43582	error
RHEA:43583	error
RHEA:43585	error
RHEA:43586	error
RHEA:43588	error
RHEA:43589	error
RHEA:43590	error
RHEA:43591	error
RHEA:43592	error
RHEA:43593	error
RHEA:43594	error
RHEA:43596	error
RHEA:43597	error
RHEA:43600	error
RHEA:43601	error
RHEA:43602	error
RHEA:43603	error
RHEA:43605	error
RHEA:43608	error
RHEA:43609	error
RHEA:43610	error
RHEA:43611	error
RHEA:43612	error
RHEA:43613	error
RHEA:43614	error
RHEA:43616	error
RHEA:43617	error
RHEA:43620	error
RHEA:43621	error
RHEA:43622	error
RHEA:43623	error
RHEA:43624	error
RHEA:43759	error
RHEA:43760	error
RHEA:43761	error
RHEA:43763	error
RHEA:43766	error
RHEA:43767	error
RHEA:43768	error
RHEA:43770	error
RHEA:43773	error
RHEA:43776	error
RHEA:43778	error
RHEA:43781	error
RHEA:43782	error
RHEA:43783	error
RHEA:43784	error
RHEA:43786	error
RHEA:43788	error
RHEA:43790	error
RHEA:43791	error
RHEA:43793	error
RHEA:43795	error
RHEA:43796	error
RHEA:43797	error
RHEA:43798	error
RHEA:43799	error
RHEA:43800	error
RHEA:43801	error
RHEA:43802	error
RHEA:43804	error
RHEA:43805	error
RHEA:43806	DNE
RHEA:43807	DNE
RHEA:43808	error
RHEA:43809	error
RHEA:43810	error
RHEA:43811	error
RHEA:43812	error
RHEA:43813	error
RHEA:43814	error
RHEA:43816	error
RHEA:43820	error
RHEA:43821	error
RHEA:43822	error
RHEA:43825	error
RHEA:43826	error
RHEA:43827	error
RHEA:43828	error
RHEA:43829	error
RHEA:43830	error
RHEA:43831	error
RHEA:43833	error
RHEA:43836	error
RHEA:43837	error
RHEA:43838	error
RHEA:43839	error
RHEA:43840	error
RHEA:43842	error
RHEA:43843	error
RHEA:43844	error
RHEA:43845	error
RHEA:43848	error
RHEA:43851	error
RHEA:43852	error
RHEA:43854	error
RHEA:43856	error
RHEA:43857	error
RHEA:43858	error
RHEA:43859	error
RHEA:43860	error
RHEA:43862	error
RHEA:43864	error
RHEA:43865	error
RHEA:43868	error
RHEA:43869	error
RHEA:43950	error
RHEA:43952	error
RHEA:43954	error
RHEA:43955	error
RHEA:43958	error
RHEA:43959	error
RHEA:43960	error
RHEA:43961	error
RHEA:43962	error
RHEA:43963	error
RHEA:43965	error
RHEA:43968	error
RHEA:43969	error
RHEA:43970	error
RHEA:43971	error
RHEA:43972	error
RHEA:43973	error
RHEA:43974	error
RHEA:43975	error
RHEA:43977	error
RHEA:43980	error
RHEA:43981	error
RHEA:43982	error
RHEA:43983	error
RHEA:43984	error
RHEA:43985	error
RHEA:43986	error
RHEA:43987	error
RHEA:43989	error
RHEA:43992	error
RHEA:43993	error
RHEA:43994	error
RHEA:43996	error
RHEA:43997	error
RHEA:43998	error
RHEA:43999	error
RHEA:44001	error
RHEA:44002	error
RHEA:44004	error
RHEA:44005	error
RHEA:44006	error
RHEA:44008	error
RHEA:44009	error
RHEA:44010	error
RHEA:44012	error
RHEA:44014	error
RHEA:44016	error
RHEA:44017	error
RHEA:44018	error
RHEA:44019	error
RHEA:44020	error
RHEA:44021	error
RHEA:44022	error
RHEA:44024	error
RHEA:44026	error
RHEA:44027	error
RHEA:44028	error
RHEA:44029	error
RHEA:44030	error
RHEA:44031	error
RHEA:44032	error
RHEA:44035	error
RHEA:44036	error
RHEA:44037	error
RHEA:44038	error
RHEA:44039	error
RHEA:44041	error
RHEA:44043	error
RHEA:44046	error
RHEA:44047	error
RHEA:44048	error
RHEA:44049	error
RHEA:44050	error
RHEA:44051	error
RHEA:44056	error
RHEA:44144	error
RHEA:44145	error
RHEA:44148	error
RHEA:44149	error
RHEA:44150	error
RHEA:44151	error
RHEA:44152	error
RHEA:44153	error
RHEA:44154	error
RHEA:44155	error
RHEA:44156	error
RHEA:44159	error
RHEA:44160	error
RHEA:44163	error
RHEA:44164	error
RHEA:44165	error
RHEA:44167	error
RHEA:44169	error
RHEA:44170	error
RHEA:44171	error
RHEA:44172	error
RHEA:44175	error
RHEA:44176	error
RHEA:44178	error
RHEA:44179	error
RHEA:44182	error
RHEA:44183	error
RHEA:44185	error
RHEA:44186	error
RHEA:44188	error
RHEA:44192	error
RHEA:44193	error
RHEA:44194	error
RHEA:44195	error
RHEA:44196	error
RHEA:44197	error
RHEA:44199	error
RHEA:44200	error
RHEA:44206	error
RHEA:44207	error
RHEA:44211	error
RHEA:44212	error
RHEA:44213	error
RHEA:44217	error
RHEA:44218	error
RHEA:44221	error
RHEA:44222	error
RHEA:44223	error
RHEA:44224	error
RHEA:44225	error
RHEA:44226	error
RHEA:44228	error
RHEA:44230	error
RHEA:44232	error
RHEA:44233	error
RHEA:44234	error
RHEA:44235	error
RHEA:44236	error
RHEA:44237	error
RHEA:44238	error
RHEA:44240	error
RHEA:44243	error
RHEA:44244	error
RHEA:44245	error
RHEA:44246	error
RHEA:44247	error
RHEA:44248	error
RHEA:44249	error
RHEA:44250	error
RHEA:44252	error
RHEA:44253	error
RHEA:44256	error
RHEA:44257	error
RHEA:44258	error
RHEA:44259	error
RHEA:44260	error
RHEA:44261	error
RHEA:44262	error
RHEA:44263	error
RHEA:44265	error
RHEA:44267	error
RHEA:44268	error
RHEA:44269	error
RHEA:44270	error
RHEA:44271	error
RHEA:44272	error
RHEA:44273	error
RHEA:44274	error
RHEA:44276	error
RHEA:44277	error
RHEA:44280	error
RHEA:44281	error
RHEA:44282	error
RHEA:44283	error
RHEA:44284	error
RHEA:44286	error
RHEA:44287	error
RHEA:44288	error
RHEA:44289	error
RHEA:44291	error
RHEA:44292	error
RHEA:44295	error
RHEA:44296	error
RHEA:44297	error
RHEA:44298	error
RHEA:44299	error
RHEA:44300	error
RHEA:44301	error
RHEA:44302	error
RHEA:44303	error
RHEA:44305	error
RHEA:44306	error
RHEA:44308	error
RHEA:44309	error
RHEA:44310	error
RHEA:44311	error
RHEA:44312	error
RHEA:44313	error
RHEA:44314	error
RHEA:44465	error
RHEA:44466	error
RHEA:44468	error
RHEA:44469	error
RHEA:44470	error
RHEA:44471	error
RHEA:44472	error
RHEA:44473	error
RHEA:44475	error
RHEA:44476	error
RHEA:44478	error
RHEA:44479	error
RHEA:44480	error
RHEA:44481	error
RHEA:44485	error
RHEA:44486	error
RHEA:44487	error
RHEA:44488	error
RHEA:44489	error
RHEA:44490	error
RHEA:44491	error
RHEA:44492	error
RHEA:44494	error
RHEA:44497	error
RHEA:44498	error
RHEA:44500	error
RHEA:44501	error
RHEA:44502	error
RHEA:44538	error
RHEA:44539	error
RHEA:44542	error
RHEA:44543	error
RHEA:44544	error
RHEA:44545	error
RHEA:44546	error
RHEA:44548	error
RHEA:44549	error
RHEA:44555	error
RHEA:44556	error
RHEA:44557	error
RHEA:44558	error
RHEA:44559	error
RHEA:44560	error
RHEA:44561	error
RHEA:44562	error
RHEA:44563	error
RHEA:44565	error
RHEA:44568	error
RHEA:44569	error
RHEA:44570	error
RHEA:44571	error
RHEA:44572	error
RHEA:44573	error
RHEA:44574	error
RHEA:44575	error
RHEA:44576	error
RHEA:44578	error
RHEA:44582	error
RHEA:44583	error
RHEA:44584	error
RHEA:44585	error
RHEA:44586	error
RHEA:44587	error
RHEA:44588	error
RHEA:44590	error
RHEA:44591	error
RHEA:44593	error
RHEA:44594	error
RHEA:44595	error
RHEA:44596	error
RHEA:44597	error
RHEA:44598	error
RHEA:44599	error
RHEA:44600	error
RHEA:44601	error
RHEA:44602	error
RHEA:44604	error
RHEA:44605	error
RHEA:44608	error
RHEA:44609	error
RHEA:44610	error
RHEA:44611	error
RHEA:44612	error
RHEA:44613	error
RHEA:44614	error
RHEA:44615	error
RHEA:44616	error
RHEA:44617	error
RHEA:44619	error
RHEA:44622	error
RHEA:44623	error
RHEA:44624	error
RHEA:44625	error
RHEA:44626	error
RHEA:44627	error
RHEA:44628	error
RHEA:44630	error
RHEA:44632	error
RHEA:44633	error
RHEA:44634	error
RHEA:44636	error
RHEA:44637	error
RHEA:44638	error
RHEA:44639	error
RHEA:44640	error
RHEA:44641	error
RHEA:44643	error
RHEA:44646	error
RHEA:44647	error
RHEA:44649	error
RHEA:44650	error
RHEA:44651	error
RHEA:44652	error
RHEA:44653	error
RHEA:44654	error
RHEA:44656	error
RHEA:44658	error
RHEA:44659	error
RHEA:44661	error
RHEA:44662	error
RHEA:44663	error
RHEA:44664	error
RHEA:44665	error
RHEA:44670	error
RHEA:44671	error
RHEA:44672	error
RHEA:44673	error
RHEA:44674	error
RHEA:44675	error
RHEA:44676	error
RHEA:44677	error
RHEA:44678	error
RHEA:44679	error
RHEA:44681	error
RHEA:44683	error
RHEA:44686	error
RHEA:44688	error
RHEA:44689	error
RHEA:44690	error
RHEA:44691	error
RHEA:44693	error
RHEA:44694	error
RHEA:44748	DNE
RHEA:44749	DNE
RHEA:44750	DNE
RHEA:44751	DNE
RHEA:44781	error
RHEA:44786	error
RHEA:44787	error
RHEA:44789	error
RHEA:44790	error
RHEA:44792	error
RHEA:44797	error
RHEA:44798	error
RHEA:44799	error
RHEA:44801	error
RHEA:44802	error
RHEA:44804	error
RHEA:44806	error
RHEA:44807	error
RHEA:44810	error
RHEA:44811	error
RHEA:44812	error
RHEA:44813	error
RHEA:44814	error
RHEA:44815	error
RHEA:44816	error
RHEA:44817	error
RHEA:44818	error
RHEA:44820	error
RHEA:44821	error
RHEA:44824	error
RHEA:44825	error
RHEA:44826	error
RHEA:44827	error
RHEA:44828	error
RHEA:44829	error
RHEA:44830	error
RHEA:44832	error
RHEA:44836	error
RHEA:44837	error
RHEA:44838	error
RHEA:44839	error
RHEA:44840	error
RHEA:44841	error
RHEA:44843	error
RHEA:44844	error
RHEA:44845	error
RHEA:44847	error
RHEA:44848	error
RHEA:44851	error
RHEA:44852	error
RHEA:44853	error
RHEA:44854	error
RHEA:44855	error
RHEA:44856	error
RHEA:44857	error
RHEA:44858	error
RHEA:44859	error
RHEA:44864	error
RHEA:44865	error
RHEA:44866	error
RHEA:44867	error
RHEA:44868	error
RHEA:44870	error
RHEA:44873	error
RHEA:44874	error
RHEA:44875	error
RHEA:44876	error
RHEA:44877	error
RHEA:44878	error
RHEA:44879	error
RHEA:44880	error
RHEA:44884	error
RHEA:44885	error
RHEA:44886	error
RHEA:44887	DNE
RHEA:44895	error
RHEA:44901	error
RHEA:44915	error
RHEA:44916	error
RHEA:44917	error
RHEA:44918	error
RHEA:44919	error
RHEA:44920	error
RHEA:44974	error
RHEA:44975	error
RHEA:44976	error
RHEA:44977	error
RHEA:44979	error
RHEA:44982	error
RHEA:44983	error
RHEA:44984	error
RHEA:44985	error
RHEA:44986	error
RHEA:44987	error
RHEA:44988	error
RHEA:44989	error
RHEA:44990	error
RHEA:44994	error
RHEA:44995	error
RHEA:44996	error
RHEA:44997	error
RHEA:44998	error
RHEA:44999	error
RHEA:45000	error
RHEA:45002	error
RHEA:45005	error
RHEA:45006	error
RHEA:45007	error
RHEA:45008	error
RHEA:45009	error
RHEA:45010	error
RHEA:45011	error
RHEA:45012	error
RHEA:45014	error
RHEA:45017	error
RHEA:45019	error
RHEA:45020	error
RHEA:45021	error
RHEA:45022	error
RHEA:45027	error
RHEA:45028	error
RHEA:45029	error
RHEA:45030	error
RHEA:45031	error
RHEA:45032	error
RHEA:45033	error
RHEA:45034	error
RHEA:45035	error
RHEA:45036	error
RHEA:45038	error
RHEA:45039	error
RHEA:45042	error
RHEA:45043	error
RHEA:45044	error
RHEA:45045	error
RHEA:45046	error
RHEA:45047	error
RHEA:45048	error
RHEA:45049	error
RHEA:45051	error
RHEA:45053	error
RHEA:45054	error
RHEA:45055	error
RHEA:45056	error
RHEA:45057	error
RHEA:45058	error
RHEA:45059	error
RHEA:45060	error
RHEA:45061	error
RHEA:45064	error
RHEA:45065	error
RHEA:45066	error
RHEA:45067	error
RHEA:45068	error
RHEA:45069	error
RHEA:45070	error
RHEA:45071	error
RHEA:45072	error
RHEA:45074	error
RHEA:45076	error
RHEA:45078	error
RHEA:45079	error
RHEA:45080	error
RHEA:45081	error
RHEA:45082	error
RHEA:45083	error
RHEA:45084	error
RHEA:45085	error
RHEA:45087	error
RHEA:45089	error
RHEA:45090	error
RHEA:45093	error
RHEA:45094	error
RHEA:45095	error
RHEA:45096	error
RHEA:45097	error
RHEA:45098	error
RHEA:45099	error
RHEA:45100	error
RHEA:45261	error
RHEA:45298	error
RHEA:45299	error
RHEA:45301	error
RHEA:45302	error
RHEA:45308	error
RHEA:45309	error
RHEA:45310	error
RHEA:45311	error
RHEA:45312	error
RHEA:45313	error
RHEA:45314	error
RHEA:45316	error
RHEA:45317	error
RHEA:45320	error
RHEA:45321	error
RHEA:45322	error
RHEA:45323	error
RHEA:45325	error
RHEA:45326	error
RHEA:45327	error
RHEA:45328	error
RHEA:45330	error
RHEA:45331	error
RHEA:45334	error
RHEA:45335	error
RHEA:45336	error
RHEA:45337	error
RHEA:45338	error
RHEA:45339	error
RHEA:45341	error
RHEA:45342	error
RHEA:45344	error
RHEA:45345	error
RHEA:45346	error
RHEA:45347	error
RHEA:45348	error
RHEA:45349	error
RHEA:45351	error
RHEA:45352	error
RHEA:45354	error
RHEA:45355	error
RHEA:45357	error
RHEA:45358	error
RHEA:45359	error
RHEA:45360	error
RHEA:45362	error
RHEA:45363	error
RHEA:45365	error
RHEA:45368	error
RHEA:45369	error
RHEA:45370	error
RHEA:45371	error
RHEA:45372	error
RHEA:45373	error
RHEA:45374	error
RHEA:45375	error
RHEA:45377	error
RHEA:45378	error
RHEA:45380	error
RHEA:45381	error
RHEA:45382	error
RHEA:45383	error
RHEA:45384	error
RHEA:45385	error
RHEA:45386	error
RHEA:45387	error
RHEA:45388	error
RHEA:45392	error
RHEA:45393	error
RHEA:45394	error
RHEA:45395	error
RHEA:45396	error
RHEA:45397	error
RHEA:45398	error
RHEA:45399	error
RHEA:45401	error
RHEA:45403	error
RHEA:45407	error
RHEA:45408	error
RHEA:45410	error
RHEA:45411	error
RHEA:45412	error
RHEA:45413	error
RHEA:45414	error
RHEA:45415	error
RHEA:45416	error
RHEA:45418	error
RHEA:45420	error
RHEA:45421	error
RHEA:45422	error
RHEA:45423	error
RHEA:45424	error
RHEA:45425	error
RHEA:45426	error
RHEA:45427	error
RHEA:45428	error
RHEA:45430	error
RHEA:45431	error
RHEA:45434	error
RHEA:45435	error
RHEA:45436	error
RHEA:45437	error
RHEA:45438	error
RHEA:45439	error
RHEA:45440	error
RHEA:45441	error
RHEA:45442	error
RHEA:45444	error
RHEA:45446	error
RHEA:45447	error
RHEA:45636	error
RHEA:45637	error
RHEA:45640	error
RHEA:45641	error
RHEA:45642	error
RHEA:45643	error
RHEA:45644	error
RHEA:45645	error
RHEA:45647	error
RHEA:45650	error
RHEA:45651	error
RHEA:45653	error
RHEA:45654	error
RHEA:45655	error
RHEA:45656	error
RHEA:45657	error
RHEA:45659	error
RHEA:45660	error
RHEA:45663	error
RHEA:45664	error
RHEA:45665	error
RHEA:45667	error
RHEA:45668	error
RHEA:45669	error
RHEA:45671	error
RHEA:45673	error
RHEA:45674	error
RHEA:45675	error
RHEA:45676	error
RHEA:45678	error
RHEA:45679	error
RHEA:45680	error
RHEA:45682	error
RHEA:45683	error
RHEA:45687	error
RHEA:45688	error
RHEA:45689	error
RHEA:45690	error
RHEA:45692	error
RHEA:45693	error
RHEA:45694	error
RHEA:45696	error
RHEA:45697	error
RHEA:45698	error
RHEA:45700	error
RHEA:45702	error
RHEA:45703	error
RHEA:45704	error
RHEA:45705	error
RHEA:45706	error
RHEA:45707	error
RHEA:45708	error
RHEA:45712	error
RHEA:45713	error
RHEA:45714	error
RHEA:45715	error
RHEA:45717	error
RHEA:45720	error
RHEA:45721	error
RHEA:45722	error
RHEA:45723	error
RHEA:45724	error
RHEA:45725	error
RHEA:45726	error
RHEA:45728	error
RHEA:45729	error
RHEA:45732	error
RHEA:45733	error
RHEA:45734	error
RHEA:45735	error
RHEA:45736	error
RHEA:45737	error
RHEA:45738	error
RHEA:45739	error
RHEA:45743	error
RHEA:45744	error
RHEA:45745	error
RHEA:45746	error
RHEA:45747	error
RHEA:45748	error
RHEA:45749	error
RHEA:45750	error
RHEA:45751	error
RHEA:45753	error
RHEA:45754	error
RHEA:45758	error
RHEA:45759	error
RHEA:45760	error
RHEA:45761	error
RHEA:45762	error
RHEA:45763	error
RHEA:45764	error
RHEA:45765	error
RHEA:45766	error
RHEA:45768	error
RHEA:45854	error
RHEA:45855	error
RHEA:45856	error
RHEA:45857	error
RHEA:45858	error
RHEA:45859	error
RHEA:45861	error
RHEA:45863	error
RHEA:45866	error
RHEA:45867	error
RHEA:45868	error
RHEA:45869	error
RHEA:45870	error
RHEA:45871	error
RHEA:45872	error
RHEA:45873	error
RHEA:45874	error
RHEA:45876	error
RHEA:45878	error
RHEA:45879	error
RHEA:45882	error
RHEA:45883	error
RHEA:45886	error
RHEA:45887	error
RHEA:45888	error
RHEA:45889	error
RHEA:45890	error
RHEA:45892	error
RHEA:45895	error
RHEA:45897	error
RHEA:45898	error
RHEA:45899	error
RHEA:45900	error
RHEA:45901	error
RHEA:45902	error
RHEA:45904	error
RHEA:45905	error
RHEA:45908	error
RHEA:45909	error
RHEA:45910	error
RHEA:45911	error
RHEA:45912	error
RHEA:45913	DNE
RHEA:45914	error
RHEA:45915	DNE
RHEA:45917	error
RHEA:45919	error
RHEA:45921	error
RHEA:45922	error
RHEA:45923	error
RHEA:45924	error
RHEA:45925	error
RHEA:45926	error
RHEA:45927	error
RHEA:45929	error
RHEA:45932	error
RHEA:45933	error
RHEA:45934	error
RHEA:45935	error
RHEA:45936	error
RHEA:45937	error
RHEA:45938	error
RHEA:45939	error
RHEA:45940	error
RHEA:45945	error
RHEA:45946	error
RHEA:45947	error
RHEA:45948	error
RHEA:45949	error
RHEA:45951	error
RHEA:45952	error
RHEA:45955	error
RHEA:45957	error
RHEA:45958	error
RHEA:45959	error
RHEA:45960	error
RHEA:45961	error
RHEA:45962	error
RHEA:45963	error
RHEA:45964	error
RHEA:45966	error
RHEA:45968	error
RHEA:45970	error
RHEA:45971	error
RHEA:45972	error
RHEA:45973	error
RHEA:45975	error
RHEA:45977	error
RHEA:45978	error
RHEA:45980	error
RHEA:45981	error
RHEA:45984	error
RHEA:45985	error
RHEA:45987	error
RHEA:45988	error
RHEA:45989	error
RHEA:45990	error
RHEA:45991	error
RHEA:45992	error
RHEA:45994	error
RHEA:45995	error
RHEA:45998	error
RHEA:45999	error
RHEA:46000	error
RHEA:46001	error
RHEA:46048	DNE
RHEA:46049	DNE
RHEA:46050	DNE
RHEA:46051	DNE
RHEA:46094	error
RHEA:46096	error
RHEA:46097	error
RHEA:46098	error
RHEA:46099	error
RHEA:46101	error
RHEA:46103	error
RHEA:46104	error
RHEA:46105	error
RHEA:46106	error
RHEA:46107	error
RHEA:46108	error
RHEA:46109	error
RHEA:46111	error
RHEA:46113	error
RHEA:46114	error
RHEA:46115	error
RHEA:46116	error
RHEA:46117	error
RHEA:46118	error
RHEA:46119	error
RHEA:46120	error
RHEA:46123	error
RHEA:46124	error
RHEA:46125	error
RHEA:46126	error
RHEA:46127	error
RHEA:46128	error
RHEA:46129	error
RHEA:46130	error
RHEA:46131	error
RHEA:46133	error
RHEA:46136	error
RHEA:46137	error
RHEA:46138	error
RHEA:46139	error
RHEA:46140	error
RHEA:46141	error
RHEA:46142	error
RHEA:46143	error
RHEA:46145	error
RHEA:46148	error
RHEA:46149	error
RHEA:46150	error
RHEA:46151	error
RHEA:46152	error
RHEA:46153	error
RHEA:46154	error
RHEA:46155	error
RHEA:46156	error
RHEA:46157	error
RHEA:46161	error
RHEA:46162	error
RHEA:46163	error
RHEA:46164	error
RHEA:46165	error
RHEA:46167	error
RHEA:46170	error
RHEA:46171	error
RHEA:46172	error
RHEA:46173	error
RHEA:46174	error
RHEA:46175	error
RHEA:46176	error
RHEA:46181	error
RHEA:46182	error
RHEA:46183	error
RHEA:46184	error
RHEA:46185	error
RHEA:46186	error
RHEA:46187	error
RHEA:46188	error
RHEA:46190	error
RHEA:46193	error
RHEA:46194	error
RHEA:46195	error
RHEA:46196	error
RHEA:46197	error
RHEA:46198	error
RHEA:46349	error
RHEA:46351	error
RHEA:46352	error
RHEA:46353	error
RHEA:46354	error
RHEA:46355	error
RHEA:46356	error
RHEA:46358	error
RHEA:46359	error
RHEA:46363	error
RHEA:46364	error
RHEA:46365	error
RHEA:46366	error
RHEA:46378	error
RHEA:46379	error
RHEA:46383	error
RHEA:46384	error
RHEA:46385	error
RHEA:46386	error
RHEA:46387	error
RHEA:46388	error
RHEA:46392	error
RHEA:46393	error
RHEA:46394	error
RHEA:46395	error
RHEA:46396	error
RHEA:46398	error
RHEA:46400	error
RHEA:46401	error
RHEA:46402	error
RHEA:46403	error
RHEA:46404	error
RHEA:46407	error
RHEA:46408	error
RHEA:46409	error
RHEA:46410	error
RHEA:46411	error
RHEA:46413	error
RHEA:46414	error
RHEA:46417	error
RHEA:46418	error
RHEA:46419	error
RHEA:46420	error
RHEA:46421	error
RHEA:46422	error
RHEA:46423	error
RHEA:46425	error
RHEA:46426	error
RHEA:46428	error
RHEA:46429	error
RHEA:46430	error
RHEA:46431	error
RHEA:46432	error
RHEA:46433	error
RHEA:46435	error
RHEA:46436	error
RHEA:46437	error
RHEA:46440	error
RHEA:46441	error
RHEA:46442	error
RHEA:46443	error
RHEA:46444	error
RHEA:46445	error
RHEA:46446	error
RHEA:46447	error
RHEA:46449	error
RHEA:46450	error
RHEA:46453	error
RHEA:46454	error
RHEA:46456	error
RHEA:46457	error
RHEA:46458	error
RHEA:46459	error
RHEA:46461	error
RHEA:46462	error
RHEA:46464	error
RHEA:46465	error
RHEA:46466	error
RHEA:46467	error
RHEA:46468	error
RHEA:46469	error
RHEA:46470	error
RHEA:46516	DNE
RHEA:46517	DNE
RHEA:46518	DNE
RHEA:46519	DNE
RHEA:46536	error
RHEA:46537	error
RHEA:46538	error
RHEA:46539	error
RHEA:46541	error
RHEA:46544	error
RHEA:46545	error
RHEA:46547	error
RHEA:46548	error
RHEA:46549	error
RHEA:46551	error
RHEA:46554	error
RHEA:46555	error
RHEA:46556	error
RHEA:46557	error
RHEA:46558	error
RHEA:46559	error
RHEA:46561	error
RHEA:46564	DNE
RHEA:46565	error
RHEA:46566	error
RHEA:46567	error
RHEA:46568	error
RHEA:46569	error
RHEA:46571	error
RHEA:46573	error
RHEA:46574	error
RHEA:46575	error
RHEA:46576	error
RHEA:46577	error
RHEA:46578	error
RHEA:46579	error
RHEA:46582	error
RHEA:46585	error
RHEA:46586	error
RHEA:46587	error
RHEA:46588	error
RHEA:46589	error
RHEA:46590	error
RHEA:46591	error
RHEA:46593	error
RHEA:46595	error
RHEA:46598	error
RHEA:46599	error
RHEA:46600	error
RHEA:46601	error
RHEA:46602	error
RHEA:46603	error
RHEA:46607	error
RHEA:46608	error
RHEA:46610	error
RHEA:46611	error
RHEA:46612	error
RHEA:46613	error
RHEA:46614	error
RHEA:46615	error
RHEA:46616	error
RHEA:46617	error
RHEA:46619	error
RHEA:46622	error
RHEA:46623	error
RHEA:46624	error
RHEA:46625	error
RHEA:46626	error
RHEA:46627	error
RHEA:46628	error
RHEA:46631	error
RHEA:46632	error
RHEA:46633	error
RHEA:46634	error
RHEA:46635	error
RHEA:46636	error
RHEA:46638	error
RHEA:46639	error
RHEA:46640	error
RHEA:46643	error
RHEA:46644	error
RHEA:46645	error
RHEA:46646	error
RHEA:46647	error
RHEA:46648	error
RHEA:46650	error
RHEA:46653	error
RHEA:46654	error
RHEA:46655	error
RHEA:46656	error
RHEA:46657	error
RHEA:46658	error
RHEA:46659	error
RHEA:46736	DNE
RHEA:46737	DNE
RHEA:46738	DNE
RHEA:46739	DNE
RHEA:46740	error
RHEA:46745	error
RHEA:46746	error
RHEA:46749	error
RHEA:46751	error
RHEA:46752	error
RHEA:46753	error
RHEA:46754	error
RHEA:46755	error
RHEA:46757	error
RHEA:46759	error
RHEA:46760	error
RHEA:46761	error
RHEA:46762	error
RHEA:46763	error
RHEA:46764	error
RHEA:46766	error
RHEA:46769	error
RHEA:46770	error
RHEA:46771	error
RHEA:46772	error
RHEA:46773	error
RHEA:46774	error
RHEA:46775	error
RHEA:46776	error
RHEA:46780	error
RHEA:46781	error
RHEA:46782	error
RHEA:46783	error
RHEA:46784	error
RHEA:46785	error
RHEA:46786	error
RHEA:46788	error
RHEA:46789	error
RHEA:46792	error
RHEA:46793	error
RHEA:46794	error
RHEA:46795	error
RHEA:46796	error
RHEA:46797	error
RHEA:46798	error
RHEA:46799	error
RHEA:46801	error
RHEA:46804	error
RHEA:46805	error
RHEA:46806	error
RHEA:46807	error
RHEA:46808	error
RHEA:46809	error
RHEA:46812	error
RHEA:46813	error
RHEA:46815	error
RHEA:46816	error
RHEA:46818	error
RHEA:46819	error
RHEA:46820	error
RHEA:46822	error
RHEA:46823	error
RHEA:46826	error
RHEA:46827	error
RHEA:46828	error
RHEA:46829	error
RHEA:46830	error
RHEA:46831	error
RHEA:46833	error
RHEA:46836	error
RHEA:46837	error
RHEA:46838	error
RHEA:46839	error
RHEA:46840	error
RHEA:46841	error
RHEA:46842	error
RHEA:46843	error
RHEA:46844	error
RHEA:46845	error
RHEA:46847	error
RHEA:46849	error
RHEA:46850	error
RHEA:46851	error
RHEA:46852	error
RHEA:46853	error
RHEA:46854	error
RHEA:46855	error
RHEA:46856	error
RHEA:46857	error
RHEA:46859	error
RHEA:46860	DNE
RHEA:46861	DNE
RHEA:46862	DNE
RHEA:46863	DNE
RHEA:46956	error
RHEA:46957	error
RHEA:46959	error
RHEA:46960	error
RHEA:46962	error
RHEA:46963	error
RHEA:46964	error
RHEA:46967	error
RHEA:46968	error
RHEA:46969	error
RHEA:46970	error
RHEA:46973	error
RHEA:46974	error
RHEA:46977	error
RHEA:46978	error
RHEA:46979	error
RHEA:46980	error
RHEA:46981	error
RHEA:46982	error
RHEA:46983	error
RHEA:46984	error
RHEA:46985	DNE
RHEA:46986	error
RHEA:46987	error
RHEA:46990	error
RHEA:46991	error
RHEA:46992	error
RHEA:46993	error
RHEA:46994	error
RHEA:46995	error
RHEA:46996	error
RHEA:46998	error
RHEA:47000	error
RHEA:47001	error
RHEA:47002	error
RHEA:47003	error
RHEA:47005	error
RHEA:47008	error
RHEA:47009	error
RHEA:47010	error
RHEA:47011	error
RHEA:47012	error
RHEA:47013	error
RHEA:47014	error
RHEA:47015	error
RHEA:47017	error
RHEA:47019	error
RHEA:47020	error
RHEA:47022	error
RHEA:47023	error
RHEA:47024	error
RHEA:47026	error
RHEA:47029	error
RHEA:47030	error
RHEA:47031	error
RHEA:47032	error
RHEA:47033	error
RHEA:47035	error
RHEA:47036	error
RHEA:47038	error
RHEA:47039	error
RHEA:47040	error
RHEA:47041	error
RHEA:47042	error
RHEA:47043	error
RHEA:47044	error
RHEA:47045	error
RHEA:47048	error
RHEA:47072	DNE
RHEA:47073	DNE
RHEA:47074	DNE
RHEA:47075	DNE
RHEA:47103	error
RHEA:47104	error
RHEA:47105	error
RHEA:47106	error
RHEA:47107	error
RHEA:47109	error
RHEA:47112	error
RHEA:47113	error
RHEA:47115	error
RHEA:47116	error
RHEA:47117	error
RHEA:47118	error
RHEA:47119	error
RHEA:47120	error
RHEA:47121	error
RHEA:47123	error
RHEA:47124	error
RHEA:47125	error
RHEA:47126	error
RHEA:47127	error
RHEA:47128	error
RHEA:47132	error
RHEA:47133	error
RHEA:47134	error
RHEA:47135	error
RHEA:47136	error
RHEA:47137	error
RHEA:47138	error
RHEA:47140	error
RHEA:47145	error
RHEA:47146	error
RHEA:47147	error
RHEA:47148	error
RHEA:47149	error
RHEA:47150	error
RHEA:47151	error
RHEA:47152	error
RHEA:47153	error
RHEA:47156	error
RHEA:47158	error
RHEA:47159	error
RHEA:47161	error
RHEA:47163	error
RHEA:47165	error
RHEA:47166	error
RHEA:47167	error
RHEA:47168	error
RHEA:47169	error
RHEA:47171	error
RHEA:47173	error
RHEA:47174	error
RHEA:47175	error
RHEA:47176	error
RHEA:47177	error
RHEA:47178	error
RHEA:47179	error
RHEA:47180	error
RHEA:47181	error
RHEA:47184	error
RHEA:47185	error
RHEA:47186	error
RHEA:47188	error
RHEA:47189	error
RHEA:47190	error
RHEA:47191	error
RHEA:47193	error
RHEA:47195	error
RHEA:47198	error
RHEA:47199	error
RHEA:47200	error
RHEA:47201	error
RHEA:47202	error
RHEA:47203	error
RHEA:47207	error
RHEA:47208	error
RHEA:47209	error
RHEA:47210	error
RHEA:47211	error
RHEA:47212	error
RHEA:47213	error
RHEA:47214	error
RHEA:47215	error
RHEA:47217	error
RHEA:47220	error
RHEA:47221	error
RHEA:47222	error
RHEA:47223	error
RHEA:47224	error
RHEA:47225	error
RHEA:47227	error
RHEA:47228	error
RHEA:47229	error
RHEA:47230	error
RHEA:47232	error
RHEA:47234	error
RHEA:47235	error
RHEA:47237	error
RHEA:47312	error
RHEA:47313	error
RHEA:47315	error
RHEA:47332	error
RHEA:47334	error
RHEA:47335	error
RHEA:47337	error
RHEA:47339	error
RHEA:47340	error
RHEA:47341	error
RHEA:47342	error
RHEA:47343	error
RHEA:47344	error
RHEA:47345	error
RHEA:47347	error
RHEA:47349	error
RHEA:47351	error
RHEA:47352	error
RHEA:47353	error
RHEA:47354	error
RHEA:47355	error
RHEA:47356	error
RHEA:47358	error
RHEA:47361	error
RHEA:47362	error
RHEA:47363	error
RHEA:47364	error
RHEA:47365	error
RHEA:47367	error
RHEA:47370	error
RHEA:47371	error
RHEA:47372	error
RHEA:47373	error
RHEA:47374	error
RHEA:47375	error
RHEA:47376	error
RHEA:47378	error
RHEA:47379	error
RHEA:47382	error
RHEA:47383	error
RHEA:47384	error
RHEA:47385	error
RHEA:47386	error
RHEA:47387	error
RHEA:47390	error
RHEA:47391	error
RHEA:47392	error
RHEA:47393	error
RHEA:47394	error
RHEA:47395	error
RHEA:47396	error
RHEA:47397	error
RHEA:47398	error
RHEA:47402	error
RHEA:47403	error
RHEA:47404	error
RHEA:47405	error
RHEA:47406	error
RHEA:47407	error
RHEA:47408	error
RHEA:47409	error
RHEA:47410	error
RHEA:47412	error
RHEA:47415	error
RHEA:47416	error
RHEA:47417	error
RHEA:47418	error
RHEA:47419	error
RHEA:47420	error
RHEA:47421	error
RHEA:47422	error
RHEA:47423	error
RHEA:47424	error
RHEA:47426	error
RHEA:47429	error
RHEA:47430	error
RHEA:47431	error
RHEA:47432	error
RHEA:47433	error
RHEA:47436	error
RHEA:47438	error
RHEA:47439	error
RHEA:47520	error
RHEA:47521	error
RHEA:47522	error
RHEA:47523	error
RHEA:47524	error
RHEA:47525	error
RHEA:47528	error
RHEA:47529	error
RHEA:47532	error
RHEA:47533	error
RHEA:47537	error
RHEA:47539	error
RHEA:47540	error
RHEA:47541	error
RHEA:47543	error
RHEA:47544	error
RHEA:47546	error
RHEA:47549	error
RHEA:47550	error
RHEA:47552	error
RHEA:47554	error
RHEA:47557	error
RHEA:47558	error
RHEA:47559	error
RHEA:47560	error
RHEA:47561	error
RHEA:47562	error
RHEA:47564	error
RHEA:47567	error
RHEA:47568	error
RHEA:47570	error
RHEA:47571	error
RHEA:47572	error
RHEA:47574	error
RHEA:47575	error
RHEA:47579	error
RHEA:47580	error
RHEA:47581	error
RHEA:47582	error
RHEA:47583	error
RHEA:47584	error
RHEA:47585	error
RHEA:47586	error
RHEA:47587	error
RHEA:47589	error
RHEA:47591	error
RHEA:47594	error
RHEA:47595	error
RHEA:47596	error
RHEA:47597	error
RHEA:47598	error
RHEA:47599	error
RHEA:47600	error
RHEA:47601	error
RHEA:47602	error
RHEA:47603	error
RHEA:47604	error
RHEA:47606	error
RHEA:47607	error
RHEA:47610	error
RHEA:47611	error
RHEA:47612	error
RHEA:47613	error
RHEA:47614	error
RHEA:47615	error
RHEA:47616	error
RHEA:47617	error
RHEA:47619	error
RHEA:47620	error
RHEA:47621	error
RHEA:47624	error
RHEA:47626	error
RHEA:47627	error
RHEA:47628	error
RHEA:47629	error
RHEA:47630	error
RHEA:47631	error
RHEA:47632	error
RHEA:47633	error
RHEA:47635	error
RHEA:47636	error
RHEA:47639	error
RHEA:47640	error
RHEA:47641	error
RHEA:47642	error
RHEA:47644	error
RHEA:47645	error
RHEA:47646	error
RHEA:47647	error
RHEA:47648	error
RHEA:47651	error
RHEA:47652	error
RHEA:47654	error
RHEA:47655	error
RHEA:47657	error
RHEA:47664	error
RHEA:47665	error
RHEA:47666	error
RHEA:47674	error
RHEA:47676	error
RHEA:47684	error
RHEA:47689	error
RHEA:47690	error
RHEA:47869	error
RHEA:47965	error
RHEA:47967	error
RHEA:47968	error
RHEA:47969	error
RHEA:47971	error
RHEA:47983	error
RHEA:47984	error
RHEA:47987	error
RHEA:47988	error
RHEA:47989	error
RHEA:47990	error
RHEA:47991	error
RHEA:47992	error
RHEA:47997	error
RHEA:48000	error
RHEA:48001	error
RHEA:48002	error
RHEA:48003	error
RHEA:48004	error
RHEA:48005	error
RHEA:48006	error
RHEA:48007	error
RHEA:48008	error
RHEA:48009	error
RHEA:48011	error
RHEA:48012	error
RHEA:48015	error
RHEA:48016	error
RHEA:48017	error
RHEA:48018	error
RHEA:48019	error
RHEA:48020	error
RHEA:48021	error
RHEA:48022	error
RHEA:48023	error
RHEA:48025	error
RHEA:48026	error
RHEA:48029	error
RHEA:48030	error
RHEA:48031	error
RHEA:48032	error
RHEA:48033	error
RHEA:48034	error
RHEA:48035	error
RHEA:48036	error
RHEA:48038	error
RHEA:48040	error
RHEA:48041	error
RHEA:48042	error
RHEA:48043	error
RHEA:48044	error
RHEA:48045	error
RHEA:48046	error
RHEA:48047	error
RHEA:48048	error
RHEA:48049	error
RHEA:48051	error
RHEA:48053	error
RHEA:48055	error
RHEA:48056	error
RHEA:48057	error
RHEA:48058	error
RHEA:48059	error
RHEA:48060	error
RHEA:48061	error
RHEA:48062	error
RHEA:48064	error
RHEA:48065	error
RHEA:48068	error
RHEA:48069	error
RHEA:48070	error
RHEA:48071	error
RHEA:48072	error
RHEA:48073	error
RHEA:48074	error
RHEA:48077	error
RHEA:48078	error
RHEA:48079	error
RHEA:48080	error
RHEA:48081	error
RHEA:48084	DNE
RHEA:48085	DNE
RHEA:48086	error
RHEA:48087	error
RHEA:48088	error
RHEA:48089	error
RHEA:48090	error
RHEA:48091	error
RHEA:48092	DNE
RHEA:48093	error
RHEA:48094	DNE
RHEA:48095	error
RHEA:48096	error
RHEA:48097	error
RHEA:48098	error
RHEA:48162	error
RHEA:48164	error
RHEA:48165	error
RHEA:48201	error
RHEA:48203	error
RHEA:48206	error
RHEA:48209	error
RHEA:48211	error
RHEA:48214	error
RHEA:48215	error
RHEA:48216	error
RHEA:48217	error
RHEA:48221	error
RHEA:48223	error
RHEA:48224	error
RHEA:48225	error
RHEA:48226	error
RHEA:48228	error
RHEA:48230	error
RHEA:48231	error
RHEA:48232	error
RHEA:48233	error
RHEA:48234	error
RHEA:48236	error
RHEA:48237	error
RHEA:48238	error
RHEA:48239	error
RHEA:48240	error
RHEA:48241	error
RHEA:48242	error
RHEA:48243	error
RHEA:48244	error
RHEA:48248	error
RHEA:48249	error
RHEA:48250	error
RHEA:48251	error
RHEA:48252	error
RHEA:48253	error
RHEA:48254	error
RHEA:48255	error
RHEA:48256	error
RHEA:48259	error
RHEA:48261	error
RHEA:48262	error
RHEA:48263	error
RHEA:48264	error
RHEA:48268	error
RHEA:48269	error
RHEA:48270	error
RHEA:48271	error
RHEA:48273	error
RHEA:48274	error
RHEA:48275	error
RHEA:48276	error
RHEA:48277	error
RHEA:48278	error
RHEA:48279	error
RHEA:48281	error
RHEA:48471	error
RHEA:48475	error
RHEA:48476	error
RHEA:48477	error
RHEA:48480	error
RHEA:48483	error
RHEA:48484	error
RHEA:48485	error
RHEA:48486	error
RHEA:48487	error
RHEA:48488	error
RHEA:48489	error
RHEA:48490	error
RHEA:48492	error
RHEA:48494	error
RHEA:48495	error
RHEA:48496	error
RHEA:48497	error
RHEA:48498	error
RHEA:48499	error
RHEA:48500	error
RHEA:48502	error
RHEA:48505	error
RHEA:48506	error
RHEA:48507	error
RHEA:48508	error
RHEA:48511	error
RHEA:48513	error
RHEA:48514	error
RHEA:48517	error
RHEA:48518	error
RHEA:48519	error
RHEA:48520	error
RHEA:48521	error
RHEA:48522	error
RHEA:48523	error
RHEA:48524	error
RHEA:48525	error
RHEA:48527	error
RHEA:48530	error
RHEA:48532	error
RHEA:48533	error
RHEA:48536	error
RHEA:48537	error
RHEA:48538	error
RHEA:48540	error
RHEA:48541	error
RHEA:48542	error
RHEA:48543	error
RHEA:48544	error
RHEA:48546	error
RHEA:48547	error
RHEA:48549	error
RHEA:48550	error
RHEA:48551	error
RHEA:48552	error
RHEA:48553	error
RHEA:48554	error
RHEA:48555	error
RHEA:48556	error
RHEA:48558	error
RHEA:48560	error
RHEA:48562	error
RHEA:48563	error
RHEA:48564	error
RHEA:48636	error
RHEA:48637	error
RHEA:48638	error
RHEA:48639	error
RHEA:48641	error
RHEA:48643	error
RHEA:48644	error
RHEA:48646	error
RHEA:48647	error
RHEA:48648	error
RHEA:48649	error
RHEA:48650	error
RHEA:48651	error
RHEA:48652	error
RHEA:48653	error
RHEA:48654	error
RHEA:48658	error
RHEA:48659	error
RHEA:48660	error
RHEA:48661	error
RHEA:48662	error
RHEA:48663	error
RHEA:48664	error
RHEA:48665	error
RHEA:48667	error
RHEA:48670	error
RHEA:48671	error
RHEA:48672	error
RHEA:48673	error
RHEA:48674	error
RHEA:48675	error
RHEA:48676	error
RHEA:48677	error
RHEA:48678	error
RHEA:48680	error
RHEA:48682	error
RHEA:48683	error
RHEA:48684	error
RHEA:48685	error
RHEA:48686	error
RHEA:48689	error
RHEA:48690	error
RHEA:48692	error
RHEA:48695	error
RHEA:48696	error
RHEA:48697	error
RHEA:48698	error
RHEA:48699	error
RHEA:48700	error
RHEA:48701	error
RHEA:48702	error
RHEA:48704	error
RHEA:48706	error
RHEA:48707	error
RHEA:48708	error
RHEA:48709	error
RHEA:48711	error
RHEA:48712	error
RHEA:48713	error
RHEA:48716	error
RHEA:48717	error
RHEA:48718	error
RHEA:48719	error
RHEA:48720	error
RHEA:48721	error
RHEA:48722	error
RHEA:48723	error
RHEA:48724	error
RHEA:48726	error
RHEA:48729	error
RHEA:48731	error
RHEA:48732	error
RHEA:48733	error
RHEA:48734	error
RHEA:48735	error
RHEA:48736	error
RHEA:48737	error
RHEA:48738	error
RHEA:48740	error
RHEA:48741	error
RHEA:48744	error
RHEA:48745	error
RHEA:48746	error
RHEA:48747	error
RHEA:48751	error
RHEA:48752	error
RHEA:48753	error
RHEA:48754	error
RHEA:48819	error
RHEA:48822	error
RHEA:48823	error
RHEA:48824	error
RHEA:48825	error
RHEA:48826	error
RHEA:48827	error
RHEA:48828	error
RHEA:48829	error
RHEA:48830	error
RHEA:48832	error
RHEA:48835	error
RHEA:48836	error
RHEA:48837	error
RHEA:48838	error
RHEA:48839	error
RHEA:48840	error
RHEA:48841	error
RHEA:48842	error
RHEA:48844	error
RHEA:48847	error
RHEA:48848	error
RHEA:48849	error
RHEA:48850	error
RHEA:48851	error
RHEA:48852	error
RHEA:48856	error
RHEA:48857	error
RHEA:48858	error
RHEA:48859	error
RHEA:48860	error
RHEA:48861	error
RHEA:48863	error
RHEA:48865	error
RHEA:48867	error
RHEA:48868	error
RHEA:48869	error
RHEA:48870	error
RHEA:48871	error
RHEA:48872	error
RHEA:48873	error
RHEA:48874	error
RHEA:48876	error
RHEA:48878	error
RHEA:48879	error
RHEA:48880	error
RHEA:48881	error
RHEA:48882	error
RHEA:48883	error
RHEA:48884	error
RHEA:48885	error
RHEA:48886	error
RHEA:48888	error
RHEA:48890	error
RHEA:48891	error
RHEA:48892	error
RHEA:48893	error
RHEA:48894	error
RHEA:48895	error
RHEA:48896	error
RHEA:48898	error
RHEA:48899	error
RHEA:48902	error
RHEA:48903	error
RHEA:48904	error
RHEA:48905	error
RHEA:48906	error
RHEA:48907	error
RHEA:48908	error
RHEA:48909	error
RHEA:48911	error
RHEA:48912	error
RHEA:48913	error
RHEA:48914	error
RHEA:48915	error
RHEA:48916	error
RHEA:48917	error
RHEA:48918	error
RHEA:48920	error
RHEA:48923	error
RHEA:48924	error
RHEA:48925	error
RHEA:48926	error
RHEA:48927	error
RHEA:48928	error
RHEA:48929	error
RHEA:48930	error
RHEA:48932	error
RHEA:48934	error
RHEA:48935	error
RHEA:48936	error
RHEA:48937	error
RHEA:48938	error
RHEA:48939	error
RHEA:48940	error
RHEA:48941	error
RHEA:48943	error
RHEA:48944	error
RHEA:48946	error
RHEA:48947	error
RHEA:48949	error
RHEA:48950	error
RHEA:49024	error
RHEA:49025	error
RHEA:49039	error
RHEA:49041	error
RHEA:49043	error
RHEA:49044	error
RHEA:49045	error
RHEA:49046	error
RHEA:49050	error
RHEA:49051	error
RHEA:49053	error
RHEA:49054	error
RHEA:49055	error
RHEA:49056	error
RHEA:49058	error
RHEA:49061	error
RHEA:49062	error
RHEA:49063	error
RHEA:49064	error
RHEA:49065	error
RHEA:49066	error
RHEA:49067	error
RHEA:49070	error
RHEA:49071	error
RHEA:49072	error
RHEA:49074	error
RHEA:49078	error
RHEA:49079	error
RHEA:49080	error
RHEA:49082	error
RHEA:49085	error
RHEA:49086	error
RHEA:49087	error
RHEA:49088	error
RHEA:49089	error
RHEA:49090	error
RHEA:49091	error
RHEA:49093	error
RHEA:49096	error
RHEA:49097	error
RHEA:49098	error
RHEA:49099	error
RHEA:49100	error
RHEA:49101	error
RHEA:49103	error
RHEA:49104	error
RHEA:49106	error
RHEA:49108	error
RHEA:49109	error
RHEA:49110	error
RHEA:49111	error
RHEA:49112	error
RHEA:49113	error
RHEA:49114	error
RHEA:49115	error
RHEA:49119	error
RHEA:49120	error
RHEA:49121	error
RHEA:49122	error
RHEA:49123	error
RHEA:49124	error
RHEA:49125	error
RHEA:49126	error
RHEA:49127	error
RHEA:49129	error
RHEA:49130	error
RHEA:49133	error
RHEA:49134	error
RHEA:49135	error
RHEA:49136	error
RHEA:49137	error
RHEA:49138	error
RHEA:49139	error
RHEA:49328	error
RHEA:49329	error
RHEA:49330	error
RHEA:49337	error
RHEA:49339	error
RHEA:49340	error
RHEA:49341	error
RHEA:49343	error
RHEA:49346	error
RHEA:49347	error
RHEA:49348	error
RHEA:49350	error
RHEA:49351	error
RHEA:49352	error
RHEA:49354	error
RHEA:49356	error
RHEA:49358	error
RHEA:49359	error
RHEA:49360	error
RHEA:49361	error
RHEA:49362	error
RHEA:49364	error
RHEA:49365	error
RHEA:49367	error
RHEA:49368	error
RHEA:49369	error
RHEA:49370	error
RHEA:49371	error
RHEA:49372	error
RHEA:49373	error
RHEA:49375	error
RHEA:49378	error
RHEA:49379	error
RHEA:49380	error
RHEA:49381	error
RHEA:49382	error
RHEA:49383	error
RHEA:49384	error
RHEA:49386	error
RHEA:49387	error
RHEA:49390	error
RHEA:49391	error
RHEA:49392	error
RHEA:49393	error
RHEA:49394	error
RHEA:49395	error
RHEA:49396	error
RHEA:49397	error
RHEA:49399	error
RHEA:49401	error
RHEA:49403	error
RHEA:49404	error
RHEA:49405	error
RHEA:49406	error
RHEA:49407	error
RHEA:49411	error
RHEA:49414	error
RHEA:49415	error
RHEA:49416	error
RHEA:49417	error
RHEA:49418	error
RHEA:49479	error
RHEA:49481	error
RHEA:49483	error
RHEA:49486	error
RHEA:49487	error
RHEA:49488	error
RHEA:49489	error
RHEA:49490	error
RHEA:49491	error
RHEA:49493	error
RHEA:49495	error
RHEA:49496	error
RHEA:49499	error
RHEA:49500	error
RHEA:49501	error
RHEA:49502	error
RHEA:49503	error
RHEA:49504	error
RHEA:49505	error
RHEA:49506	error
RHEA:49507	error
RHEA:49508	error
RHEA:49510	error
RHEA:49511	error
RHEA:49514	error
RHEA:49515	error
RHEA:49516	error
RHEA:49517	error
RHEA:49518	error
RHEA:49519	error
RHEA:49522	error
RHEA:49523	error
RHEA:49524	error
RHEA:49525	error
RHEA:49526	error
RHEA:49527	error
RHEA:49528	error
RHEA:49533	error
RHEA:49534	error
RHEA:49535	error
RHEA:49536	error
RHEA:49537	error
RHEA:49538	error
RHEA:49539	error
RHEA:49541	error
RHEA:49543	error
RHEA:49544	error
RHEA:49545	error
RHEA:49546	error
RHEA:49547	error
RHEA:49548	error
RHEA:49550	error
RHEA:49551	error
RHEA:49554	error
RHEA:49555	error
RHEA:49557	error
RHEA:49558	error
RHEA:49559	error
RHEA:49560	error
RHEA:49561	error
RHEA:49563	error
RHEA:49566	error
RHEA:49568	error
RHEA:49569	error
RHEA:49570	error
RHEA:49571	error
RHEA:49572	error
RHEA:49573	error
RHEA:49574	error
RHEA:49575	error
RHEA:49576	error
RHEA:49577	error
RHEA:49579	error
RHEA:49581	error
RHEA:49582	error
RHEA:49583	error
RHEA:49584	error
RHEA:49585	error
RHEA:49586	error
RHEA:49587	error
RHEA:49588	error
RHEA:49590	error
RHEA:49593	error
RHEA:49594	error
RHEA:49595	error
RHEA:49596	error
RHEA:49598	error
RHEA:49599	error
RHEA:49600	error
RHEA:49604	error
RHEA:49605	error
RHEA:49606	error
RHEA:49607	error
RHEA:49608	error
RHEA:49609	error
RHEA:49610	error
RHEA:49612	error
RHEA:49640	DNE
RHEA:49641	DNE
RHEA:49642	DNE
RHEA:49643	DNE
RHEA:49644	DNE
RHEA:49645	DNE
RHEA:49646	DNE
RHEA:49647	DNE
RHEA:49648	DNE
RHEA:49649	DNE
RHEA:49650	DNE
RHEA:49651	DNE
RHEA:49656	DNE
RHEA:49657	DNE
RHEA:49658	DNE
RHEA:49659	DNE
RHEA:49660	DNE
RHEA:49661	DNE
RHEA:49662	DNE
RHEA:49663	DNE
RHEA:49664	DNE
RHEA:49665	DNE
RHEA:49666	DNE
RHEA:49667	DNE
RHEA:49672	DNE
RHEA:49673	DNE
RHEA:49674	DNE
RHEA:49675	DNE
RHEA:49680	DNE
RHEA:49681	DNE
RHEA:49682	DNE
RHEA:49683	DNE
RHEA:49688	DNE
RHEA:49689	DNE
RHEA:49690	DNE
RHEA:49691	DNE
RHEA:49692	error
RHEA:49693	DNE
RHEA:49694	error
RHEA:49695	DNE
RHEA:49696	error
RHEA:49697	error
RHEA:49698	error
RHEA:49699	error
RHEA:49700	error
RHEA:49701	error
RHEA:49702	DNE
RHEA:49703	error
RHEA:49704	DNE
RHEA:49705	DNE
RHEA:49706	DNE
RHEA:49707	error
RHEA:49708	error
RHEA:49710	error
RHEA:49711	error
RHEA:49712	error
RHEA:49713	error
RHEA:49714	DNE
RHEA:49715	error
RHEA:49718	error
RHEA:49719	error
RHEA:49720	error
RHEA:49721	error
RHEA:49722	error
RHEA:49723	error
RHEA:49724	DNE
RHEA:49725	error
RHEA:49726	error
RHEA:49727	DNE
RHEA:49728	error
RHEA:49729	error
RHEA:49731	error
RHEA:49732	error
RHEA:49734	error
RHEA:49735	error
RHEA:49738	error
RHEA:49739	error
RHEA:49740	error
RHEA:49741	error
RHEA:49742	error
RHEA:49743	error
RHEA:49745	error
RHEA:49746	error
RHEA:49748	error
RHEA:49749	error
RHEA:49750	error
RHEA:49751	error
RHEA:49752	error
RHEA:49753	error
RHEA:49754	error
RHEA:49755	error
RHEA:49757	error
RHEA:49758	error
RHEA:49760	error
RHEA:49761	error
RHEA:49763	error
RHEA:49764	error
RHEA:49765	error
RHEA:49766	error
RHEA:49768	error
RHEA:49769	DNE
RHEA:49770	DNE
RHEA:49771	error
RHEA:49772	error
RHEA:49773	error
RHEA:49774	error
RHEA:49775	error
RHEA:49776	error
RHEA:49777	error
RHEA:49778	error
RHEA:49779	DNE
RHEA:49780	error
RHEA:49781	error
RHEA:49782	error
RHEA:49785	error
RHEA:49786	error
RHEA:49787	error
RHEA:49788	error
RHEA:49789	error
RHEA:49790	error
RHEA:49791	error
RHEA:49792	error
RHEA:49794	error
RHEA:49795	error
RHEA:49797	error
RHEA:49798	error
RHEA:49799	error
RHEA:49800	error
RHEA:49801	error
RHEA:49802	DNE
RHEA:49803	error
RHEA:49804	error
RHEA:49805	error
RHEA:49806	error
RHEA:49808	error
RHEA:49811	error
RHEA:49812	DNE
RHEA:49813	DNE
RHEA:49814	error
RHEA:49815	error
RHEA:49816	error
RHEA:49818	error
RHEA:49819	error
RHEA:49820	error
RHEA:49821	error
RHEA:49822	error
RHEA:49823	DNE
RHEA:49824	error
RHEA:49825	DNE
RHEA:49826	DNE
RHEA:49827	DNE
RHEA:49926	error
RHEA:49927	error
RHEA:49929	error
RHEA:49930	error
RHEA:49932	error
RHEA:49935	error
RHEA:49936	error
RHEA:49937	error
RHEA:49938	error
RHEA:49939	error
RHEA:49940	error
RHEA:49942	error
RHEA:49944	error
RHEA:49945	error
RHEA:49946	error
RHEA:49947	error
RHEA:49948	error
RHEA:49949	error
RHEA:49950	error
RHEA:49951	error
RHEA:49952	error
RHEA:49954	error
RHEA:49955	error
RHEA:49957	error
RHEA:49958	error
RHEA:49959	error
RHEA:49960	error
RHEA:49961	error
RHEA:49963	error
RHEA:49964	error
RHEA:49965	error
RHEA:49966	error
RHEA:49967	error
RHEA:49969	error
RHEA:49970	error
RHEA:49973	error
RHEA:49974	error
RHEA:49975	error
RHEA:49976	error
RHEA:49977	error
RHEA:49979	error
RHEA:49980	error
RHEA:49982	error
RHEA:49984	error
RHEA:49986	error
RHEA:49987	error
RHEA:49989	error
RHEA:49990	error
RHEA:49991	error
RHEA:49993	error
RHEA:49996	error
RHEA:49997	error
RHEA:49998	error
RHEA:49999	error
RHEA:50000	error
RHEA:50001	error
RHEA:50002	error
RHEA:50003	error
RHEA:50005	error
RHEA:50006	error
RHEA:50008	error
RHEA:50009	error
RHEA:50010	error
RHEA:50011	error
RHEA:50012	error
RHEA:50013	error
RHEA:50014	error
RHEA:50016	error
RHEA:50018	error
RHEA:50019	error
RHEA:50020	error
RHEA:50022	error
RHEA:50023	error
RHEA:50027	error
RHEA:50028	error
RHEA:50029	error
RHEA:50030	error
RHEA:50034	error
RHEA:50035	error
RHEA:50036	error
RHEA:50037	error
RHEA:50038	error
RHEA:50040	error
RHEA:50041	error
RHEA:50043	error
RHEA:50044	error
RHEA:50118	error
RHEA:50119	error
RHEA:50120	error
RHEA:50122	error
RHEA:50125	error
RHEA:50126	error
RHEA:50127	error
RHEA:50128	error
RHEA:50130	error
RHEA:50131	error
RHEA:50132	error
RHEA:50134	error
RHEA:50135	error
RHEA:50138	error
RHEA:50145	error
RHEA:50146	error
RHEA:50147	error
RHEA:50148	error
RHEA:50149	error
RHEA:50150	error
RHEA:50151	error
RHEA:50152	error
RHEA:50155	error
RHEA:50158	error
RHEA:50159	error
RHEA:50161	error
RHEA:50162	error
RHEA:50163	error
RHEA:50164	error
RHEA:50167	error
RHEA:50168	error
RHEA:50170	error
RHEA:50173	error
RHEA:50174	error
RHEA:50175	error
RHEA:50176	error
RHEA:50177	error
RHEA:50178	error
RHEA:50180	error
RHEA:50181	error
RHEA:50183	error
RHEA:50185	error
RHEA:50186	error
RHEA:50187	error
RHEA:50188	error
RHEA:50189	error
RHEA:50190	error
RHEA:50191	error
RHEA:50193	error
RHEA:50195	error
RHEA:50197	error
RHEA:50198	error
RHEA:50199	error
RHEA:50200	error
RHEA:50201	error
RHEA:50202	error
RHEA:50205	error
RHEA:50210	error
RHEA:50212	error
RHEA:50213	error
RHEA:50215	error
RHEA:50216	error
RHEA:50217	error
RHEA:50218	error
RHEA:50219	error
RHEA:50220	error
RHEA:50222	error
RHEA:50223	error
RHEA:50226	error
RHEA:50227	error
RHEA:50229	error
RHEA:50230	error
RHEA:50231	error
RHEA:50232	error
RHEA:50233	error
RHEA:50234	error
RHEA:50238	error
RHEA:50239	error
RHEA:50240	error
RHEA:50241	error
RHEA:50242	error
RHEA:50243	error
RHEA:50245	error
RHEA:50246	error
RHEA:50248	error
RHEA:50249	error
RHEA:50251	error
RHEA:50252	error
RHEA:50253	error
RHEA:50254	error
RHEA:50255	error
RHEA:50256	error
RHEA:50257	error
RHEA:50258	error
RHEA:50259	error
RHEA:50262	error
RHEA:50263	error
RHEA:50264	error
RHEA:50265	error
RHEA:50266	error
RHEA:50267	error
RHEA:50268	error
RHEA:50269	error
RHEA:50270	error
RHEA:50272	error
RHEA:50273	error
RHEA:50346	error
RHEA:50347	error
RHEA:50348	error
RHEA:50349	error
RHEA:50350	error
RHEA:50352	error
RHEA:50353	error
RHEA:50354	error
RHEA:50355	error
RHEA:50357	error
RHEA:50358	error
RHEA:50359	error
RHEA:50360	error
RHEA:50361	error
RHEA:50362	error
RHEA:50363	error
RHEA:50364	error
RHEA:50365	error
RHEA:50368	error
RHEA:50369	error
RHEA:50370	error
RHEA:50371	error
RHEA:50373	error
RHEA:50375	error
RHEA:50376	error
RHEA:50377	error
RHEA:50378	error
RHEA:50379	error
RHEA:50381	error
RHEA:50382	error
RHEA:50383	error
RHEA:50384	error
RHEA:50385	error
RHEA:50386	error
RHEA:50389	error
RHEA:50390	error
RHEA:50391	error
RHEA:50392	error
RHEA:50393	error
RHEA:50395	error
RHEA:50397	error
RHEA:50400	error
RHEA:50401	error
RHEA:50402	error
RHEA:50403	error
RHEA:50404	error
RHEA:50405	error
RHEA:50406	error
RHEA:50407	error
RHEA:50408	error
RHEA:50411	error
RHEA:50413	error
RHEA:50414	error
RHEA:50415	error
RHEA:50416	error
RHEA:50417	error
RHEA:50418	error
RHEA:50419	error
RHEA:50420	error
RHEA:50422	error
RHEA:50425	error
RHEA:50426	error
RHEA:50427	error
RHEA:50428	error
RHEA:50429	error
RHEA:50430	error
RHEA:50431	error
RHEA:50432	error
RHEA:50433	error
RHEA:50436	error
RHEA:50439	error
RHEA:50440	error
RHEA:50441	error
RHEA:50442	error
RHEA:50443	error
RHEA:50444	error
RHEA:50445	error
RHEA:50447	error
RHEA:50448	error
RHEA:50450	error
RHEA:50451	error
RHEA:50452	error
RHEA:50453	error
RHEA:50454	error
RHEA:50455	error
RHEA:50456	error
RHEA:50457	error
RHEA:50459	error
RHEA:50461	error
RHEA:50465	error
RHEA:50466	error
RHEA:50468	error
RHEA:50469	error
RHEA:50470	error
RHEA:50471	error
RHEA:50472	error
RHEA:50473	error
RHEA:50474	error
RHEA:50478	error
RHEA:50479	error
RHEA:50480	error
RHEA:50588	error
RHEA:50590	error
RHEA:50591	error
RHEA:50592	error
RHEA:50594	error
RHEA:50597	error
RHEA:50598	error
RHEA:50599	error
RHEA:50600	error
RHEA:50601	error
RHEA:50604	error
RHEA:50605	error
RHEA:50606	error
RHEA:50607	error
RHEA:50609	error
RHEA:50610	error
RHEA:50635	error
RHEA:50636	error
RHEA:50640	error
RHEA:50641	error
RHEA:50642	error
RHEA:50643	error
RHEA:50646	error
RHEA:50647	error
RHEA:50650	error
RHEA:50651	error
RHEA:50652	error
RHEA:50653	error
RHEA:50655	error
RHEA:50656	error
RHEA:50657	error
RHEA:50658	error
RHEA:50659	error
RHEA:50660	error
RHEA:50661	error
RHEA:50662	error
RHEA:50663	error
RHEA:50666	error
RHEA:50667	error
RHEA:50668	error
RHEA:50669	error
RHEA:50673	error
RHEA:50674	error
RHEA:50675	error
RHEA:50676	error
RHEA:50679	error
RHEA:50680	error
RHEA:50681	error
RHEA:50682	error
RHEA:50683	error
RHEA:50685	error
RHEA:50687	error
RHEA:50688	error
RHEA:50689	error
RHEA:50690	error
RHEA:50691	error
RHEA:50695	error
RHEA:50696	error
RHEA:50700	error
RHEA:50703	error
RHEA:50704	error
RHEA:50705	error
RHEA:50707	error
RHEA:50708	error
RHEA:50710	error
RHEA:50711	error
RHEA:50712	error
RHEA:50713	error
RHEA:50714	error
RHEA:50715	error
RHEA:50717	error
RHEA:50718	error
RHEA:50720	error
RHEA:50721	error
RHEA:50722	error
RHEA:50723	error
RHEA:50725	error
RHEA:50726	error
RHEA:50729	error
RHEA:50730	error
RHEA:50731	error
RHEA:50738	error
RHEA:50868	DNE
RHEA:50869	DNE
RHEA:50870	DNE
RHEA:50871	DNE
RHEA:50872	DNE
RHEA:50873	DNE
RHEA:50874	DNE
RHEA:50875	DNE
RHEA:50924	error
RHEA:50927	error
RHEA:50928	error
RHEA:50929	error
RHEA:50930	error
RHEA:50931	error
RHEA:50932	error
RHEA:50933	error
RHEA:50935	error
RHEA:50937	error
RHEA:50938	error
RHEA:50939	error
RHEA:50940	error
RHEA:50941	error
RHEA:50942	error
RHEA:50943	error
RHEA:50944	error
RHEA:50946	error
RHEA:50949	error
RHEA:50950	error
RHEA:50951	error
RHEA:50952	error
RHEA:50953	error
RHEA:50954	error
RHEA:50956	error
RHEA:50959	error
RHEA:50960	error
RHEA:50961	error
RHEA:50962	error
RHEA:50963	error
RHEA:50964	error
RHEA:50965	error
RHEA:50966	error
RHEA:50967	error
RHEA:50970	error
RHEA:50973	error
RHEA:50974	error
RHEA:50975	error
RHEA:50976	error
RHEA:50977	error
RHEA:50978	error
RHEA:50979	error
RHEA:50980	error
RHEA:50983	error
RHEA:50984	error
RHEA:50985	error
RHEA:50986	error
RHEA:50987	error
RHEA:50988	error
RHEA:50989	error
RHEA:50990	error
RHEA:50991	error
RHEA:50992	error
RHEA:50995	error
RHEA:50996	error
RHEA:50997	error
RHEA:50998	error
RHEA:50999	error
RHEA:51000	error
RHEA:51001	error
RHEA:51002	error
RHEA:51003	error
RHEA:51005	error
RHEA:51008	error
RHEA:51009	error
RHEA:51010	error
RHEA:51011	error
RHEA:51012	error
RHEA:51013	error
RHEA:51014	error
RHEA:51016	error
RHEA:51017	error
RHEA:51020	error
RHEA:51021	error
RHEA:51022	error
RHEA:51023	error
RHEA:51024	error
RHEA:51026	error
RHEA:51027	error
RHEA:51028	error
RHEA:51030	error
RHEA:51033	error
RHEA:51034	error
RHEA:51035	error
RHEA:51036	error
RHEA:51037	error
RHEA:51038	error
RHEA:51039	error
RHEA:51043	error
RHEA:51044	error
RHEA:51045	error
RHEA:51046	error
RHEA:51047	error
RHEA:51049	error
RHEA:51052	error
RHEA:51053	error
RHEA:51054	error
RHEA:51055	error
RHEA:51056	error
RHEA:51076	DNE
RHEA:51077	DNE
RHEA:51078	DNE
RHEA:51079	DNE
RHEA:51132	DNE
RHEA:51133	DNE
RHEA:51134	DNE
RHEA:51135	DNE
RHEA:51144	error
RHEA:51149	error
RHEA:51150	error
RHEA:51152	error
RHEA:51153	error
RHEA:51154	error
RHEA:51155	error
RHEA:51158	error
RHEA:51160	error
RHEA:51161	error
RHEA:51164	error
RHEA:51165	error
RHEA:51166	error
RHEA:51169	error
RHEA:51170	error
RHEA:51171	error
RHEA:51172	error
RHEA:51173	error
RHEA:51174	error
RHEA:51176	error
RHEA:51177	error
RHEA:51180	error
RHEA:51181	error
RHEA:51182	error
RHEA:51183	error
RHEA:51184	error
RHEA:51185	error
RHEA:51186	error
RHEA:51187	DNE
RHEA:51188	error
RHEA:51191	error
RHEA:51192	error
RHEA:51193	error
RHEA:51194	error
RHEA:51195	error
RHEA:51196	error
RHEA:51197	error
RHEA:51198	error
RHEA:51199	DNE
RHEA:51200	error
RHEA:51201	error
RHEA:51204	error
RHEA:51205	error
RHEA:51206	error
RHEA:51207	error
RHEA:51211	error
RHEA:51212	error
RHEA:51213	error
RHEA:51214	error
RHEA:51215	error
RHEA:51216	error
RHEA:51217	error
RHEA:51218	error
RHEA:51219	error
RHEA:51220	error
RHEA:51222	error
RHEA:51223	error
RHEA:51226	error
RHEA:51227	error
RHEA:51228	error
RHEA:51229	error
RHEA:51230	error
RHEA:51231	error
RHEA:51232	error
RHEA:51233	error
RHEA:51234	error
RHEA:51235	error
RHEA:51238	error
RHEA:51240	error
RHEA:51241	error
RHEA:51242	error
RHEA:51243	error
RHEA:51244	error
RHEA:51245	error
RHEA:51246	error
RHEA:51248	error
RHEA:51249	error
RHEA:51252	error
RHEA:51253	error
RHEA:51254	error
RHEA:51255	error
RHEA:51256	error
RHEA:51257	error
RHEA:51258	error
RHEA:51259	error
RHEA:51260	error
RHEA:51261	error
RHEA:51263	error
RHEA:51266	error
RHEA:51267	error
RHEA:51268	error
RHEA:51269	error
RHEA:51270	error
RHEA:51271	error
RHEA:51272	error
RHEA:51273	error
RHEA:51274	error
RHEA:51320	DNE
RHEA:51321	DNE
RHEA:51322	DNE
RHEA:51323	DNE
RHEA:51348	DNE
RHEA:51349	DNE
RHEA:51350	DNE
RHEA:51351	DNE
RHEA:51370	error
RHEA:51371	error
RHEA:51372	error
RHEA:51375	error
RHEA:51376	error
RHEA:51377	error
RHEA:51379	error
RHEA:51382	error
RHEA:51383	error
RHEA:51384	error
RHEA:51385	error
RHEA:51386	error
RHEA:51387	error
RHEA:51388	error
RHEA:51390	error
RHEA:51391	error
RHEA:51393	error
RHEA:51394	error
RHEA:51395	error
RHEA:51396	error
RHEA:51397	error
RHEA:51399	error
RHEA:51400	error
RHEA:51403	error
RHEA:51404	error
RHEA:51405	error
RHEA:51406	error
RHEA:51407	error
RHEA:51408	error
RHEA:51409	error
RHEA:51411	error
RHEA:51412	error
RHEA:51415	error
RHEA:51416	error
RHEA:51417	error
RHEA:51418	error
RHEA:51419	error
RHEA:51420	error
RHEA:51421	error
RHEA:51422	error
RHEA:51423	error
RHEA:51425	error
RHEA:51426	error
RHEA:51428	error
RHEA:51429	error
RHEA:51430	error
RHEA:51431	error
RHEA:51432	error
RHEA:51433	error
RHEA:51434	error
RHEA:51435	error
RHEA:51436	error
RHEA:51437	error
RHEA:51440	error
RHEA:51441	error
RHEA:51442	error
RHEA:51443	error
RHEA:51445	error
RHEA:51446	error
RHEA:51447	error
RHEA:51448	error
RHEA:51449	error
RHEA:51451	error
RHEA:51454	error
RHEA:51455	error
RHEA:51457	error
RHEA:51458	error
RHEA:51460	error
RHEA:51461	error
RHEA:51462	error
RHEA:51463	error
RHEA:51464	error
RHEA:51465	DNE
RHEA:51466	error
RHEA:51467	error
RHEA:51469	error
RHEA:51470	error
RHEA:51471	error
RHEA:51472	error
RHEA:51473	error
RHEA:51474	error
RHEA:51475	error
RHEA:51476	error
RHEA:51477	error
RHEA:51478	error
RHEA:51482	error
RHEA:51483	error
RHEA:51484	error
RHEA:51485	error
RHEA:51486	error
RHEA:51487	error
RHEA:51488	error
RHEA:51489	error
RHEA:51490	error
RHEA:51492	error
RHEA:51493	error
RHEA:51496	error
RHEA:51497	error
RHEA:51498	error
RHEA:51499	error
RHEA:51500	error
RHEA:51501	error
RHEA:51502	error
RHEA:51503	error
RHEA:51504	error
RHEA:51505	DNE
RHEA:51506	DNE
RHEA:51507	DNE
RHEA:51588	DNE
RHEA:51589	DNE
RHEA:51590	DNE
RHEA:51591	DNE
RHEA:51636	DNE
RHEA:51637	DNE
RHEA:51638	DNE
RHEA:51639	DNE
RHEA:51660	DNE
RHEA:51661	DNE
RHEA:51662	DNE
RHEA:51663	DNE
RHEA:51695	error
RHEA:51696	error
RHEA:51697	error
RHEA:51699	error
RHEA:51700	error
RHEA:51703	error
RHEA:51704	error
RHEA:51705	error
RHEA:51706	error
RHEA:51707	error
RHEA:51708	error
RHEA:51709	error
RHEA:51710	error
RHEA:51718	error
RHEA:51719	error
RHEA:51720	error
RHEA:51721	error
RHEA:51722	error
RHEA:51723	error
RHEA:51725	error
RHEA:51726	error
RHEA:51729	error
RHEA:51730	error
RHEA:51731	error
RHEA:51732	error
RHEA:51733	error
RHEA:51734	error
RHEA:51736	error
RHEA:51737	error
RHEA:51739	error
RHEA:51740	error
RHEA:51742	error
RHEA:51743	error
RHEA:51744	error
RHEA:51745	error
RHEA:51747	error
RHEA:51750	error
RHEA:51751	error
RHEA:51752	error
RHEA:51753	error
RHEA:51755	error
RHEA:51757	error
RHEA:51761	error
RHEA:51762	error
RHEA:51763	error
RHEA:51764	error
RHEA:51765	error
RHEA:51766	error
RHEA:51767	error
RHEA:51770	error
RHEA:51771	error
RHEA:51772	error
RHEA:51773	error
RHEA:51774	error
RHEA:51775	error
RHEA:51776	error
RHEA:51778	error
RHEA:51779	error
RHEA:51781	error
RHEA:51783	error
RHEA:51784	error
RHEA:51785	error
RHEA:51786	error
RHEA:51787	error
RHEA:51788	error
RHEA:51789	error
RHEA:51790	error
RHEA:51791	error
RHEA:51793	error
RHEA:51795	error
RHEA:51798	error
RHEA:51799	error
RHEA:51800	error
RHEA:51801	error
RHEA:51802	error
RHEA:51803	error
RHEA:51804	error
RHEA:51805	error
RHEA:51806	error
RHEA:51808	error
RHEA:51811	error
RHEA:51812	error
RHEA:51813	error
RHEA:51814	error
RHEA:51816	error
RHEA:51817	error
RHEA:51818	error
RHEA:51820	error
RHEA:51823	error
RHEA:51824	error
RHEA:51825	error
RHEA:51826	error
RHEA:51827	error
RHEA:51829	error
RHEA:51830	error
RHEA:51831	error
RHEA:51832	error
RHEA:51834	error
RHEA:51837	error
RHEA:51840	DNE
RHEA:51841	DNE
RHEA:51842	DNE
RHEA:51843	DNE
RHEA:51968	DNE
RHEA:51969	DNE
RHEA:51970	DNE
RHEA:51971	DNE
RHEA:51988	DNE
RHEA:51989	DNE
RHEA:51990	DNE
RHEA:51991	DNE
RHEA:52004	DNE
RHEA:52005	DNE
RHEA:52006	DNE
RHEA:52007	DNE
RHEA:52020	DNE
RHEA:52021	DNE
RHEA:52022	DNE
RHEA:52023	DNE
RHEA:52024	DNE
RHEA:52025	DNE
RHEA:52026	DNE
RHEA:52027	DNE
RHEA:52035	error
RHEA:52037	error
RHEA:52039	error
RHEA:52041	error
RHEA:52043	error
RHEA:52044	error
RHEA:52045	error
RHEA:52046	error
RHEA:52047	error
RHEA:52048	error
RHEA:52049	error
RHEA:52052	error
RHEA:52053	error
RHEA:52054	error
RHEA:52055	error
RHEA:52056	error
RHEA:52058	error
RHEA:52059	error
RHEA:52061	error
RHEA:52062	error
RHEA:52063	error
RHEA:52064	error
RHEA:52065	error
RHEA:52066	error
RHEA:52067	error
RHEA:52068	error
RHEA:52070	error
RHEA:52071	error
RHEA:52074	error
RHEA:52075	error
RHEA:52076	error
RHEA:52077	error
RHEA:52078	error
RHEA:52079	error
RHEA:52080	error
RHEA:52082	error
RHEA:52083	error
RHEA:52085	error
RHEA:52086	error
RHEA:52087	error
RHEA:52088	error
RHEA:52089	error
RHEA:52091	error
RHEA:52092	error
RHEA:52094	error
RHEA:52096	error
RHEA:52097	error
RHEA:52098	error
RHEA:52099	error
RHEA:52100	error
RHEA:52101	error
RHEA:52102	error
RHEA:52103	error
RHEA:52104	error
RHEA:52106	error
RHEA:52109	error
RHEA:52110	error
RHEA:52111	error
RHEA:52112	error
RHEA:52114	error
RHEA:52116	error
RHEA:52119	error
RHEA:52120	error
RHEA:52121	error
RHEA:52122	error
RHEA:52123	error
RHEA:52125	error
RHEA:52128	error
RHEA:52129	error
RHEA:52130	error
RHEA:52132	error
RHEA:52134	error
RHEA:52135	error
RHEA:52136	error
RHEA:52137	error
RHEA:52138	error
RHEA:52139	error
RHEA:52140	error
RHEA:52141	error
RHEA:52144	error
RHEA:52145	error
RHEA:52146	error
RHEA:52147	error
RHEA:52148	error
RHEA:52149	error
RHEA:52150	error
RHEA:52151	error
RHEA:52153	error
RHEA:52154	error
RHEA:52157	error
RHEA:52158	error
RHEA:52160	error
RHEA:52161	error
RHEA:52162	error
RHEA:52163	error
RHEA:52164	error
RHEA:52165	error
RHEA:52166	error
RHEA:52167	error
RHEA:52169	error
RHEA:52170	error
RHEA:52173	error
RHEA:52174	error
RHEA:52175	error
RHEA:52216	DNE
RHEA:52217	DNE
RHEA:52218	DNE
RHEA:52219	DNE
RHEA:52220	DNE
RHEA:52221	DNE
RHEA:52222	DNE
RHEA:52223	DNE
RHEA:52295	error
RHEA:52297	error
RHEA:52299	error
RHEA:52300	error
RHEA:52301	error
RHEA:52302	error
RHEA:52303	error
RHEA:52304	error
RHEA:52306	error
RHEA:52308	error
RHEA:52310	error
RHEA:52311	error
RHEA:52312	error
RHEA:52313	error
RHEA:52314	error
RHEA:52315	DNE
RHEA:52316	error
RHEA:52318	error
RHEA:52320	error
RHEA:52321	error
RHEA:52322	error
RHEA:52323	error
RHEA:52324	error
RHEA:52325	error
RHEA:52327	error
RHEA:52329	error
RHEA:52332	error
RHEA:52333	error
RHEA:52334	error
RHEA:52335	error
RHEA:52336	error
RHEA:52337	error
RHEA:52338	error
RHEA:52339	error
RHEA:52340	error
RHEA:52342	error
RHEA:52343	error
RHEA:52347	error
RHEA:52348	error
RHEA:52349	error
RHEA:52350	error
RHEA:52351	error
RHEA:52353	error
RHEA:52355	error
RHEA:52356	error
RHEA:52357	error
RHEA:52358	error
RHEA:52359	error
RHEA:52360	error
RHEA:52361	DNE
RHEA:52362	error
RHEA:52363	error
RHEA:52364	DNE
RHEA:52365	DNE
RHEA:52366	DNE
RHEA:52367	error
RHEA:52368	error
RHEA:52369	error
RHEA:52441	error
RHEA:52442	error
RHEA:52444	error
RHEA:52445	error
RHEA:52446	error
RHEA:52448	error
RHEA:52449	error
RHEA:52450	error
RHEA:52451	error
RHEA:52452	error
RHEA:52453	error
RHEA:52456	error
RHEA:52457	error
RHEA:52458	error
RHEA:52459	error
RHEA:52460	error
RHEA:52461	error
RHEA:52462	error
RHEA:52463	error
RHEA:52464	error
RHEA:52466	error
RHEA:52467	error
RHEA:52470	error
RHEA:52471	error
RHEA:52472	error
RHEA:52473	error
RHEA:52475	error
RHEA:52477	error
RHEA:52478	error
RHEA:52480	error
RHEA:52482	error
RHEA:52483	error
RHEA:52484	error
RHEA:52485	error
RHEA:52486	error
RHEA:52487	error
RHEA:52491	error
RHEA:52492	error
RHEA:52493	error
RHEA:52494	error
RHEA:52495	error
RHEA:52496	error
RHEA:52497	error
RHEA:52498	error
RHEA:52499	error
RHEA:52501	error
RHEA:52504	error
RHEA:52505	error
RHEA:52506	error
RHEA:52507	error
RHEA:52508	error
RHEA:52509	error
RHEA:52510	error
RHEA:52513	error
RHEA:52515	error
RHEA:52516	error
RHEA:52518	error
RHEA:52519	error
RHEA:52520	error
RHEA:52521	error
RHEA:52523	error
RHEA:52525	error
RHEA:52526	error
RHEA:52527	error
RHEA:52528	error
RHEA:52529	error
RHEA:52530	error
RHEA:52531	error
RHEA:52532	error
RHEA:52533	error
RHEA:52535	error
RHEA:52538	error
RHEA:52539	error
RHEA:52540	error
RHEA:52541	error
RHEA:52542	error
RHEA:52543	error
RHEA:52544	error
RHEA:52731	error
RHEA:52734	error
RHEA:52736	error
RHEA:52737	error
RHEA:52738	error
RHEA:52739	error
RHEA:52740	error
RHEA:52741	error
RHEA:52742	error
RHEA:52744	error
RHEA:52745	error
RHEA:52748	error
RHEA:52749	error
RHEA:52750	error
RHEA:52751	error
RHEA:52752	error
RHEA:52753	error
RHEA:52754	error
RHEA:52756	error
RHEA:52757	error
RHEA:52760	error
RHEA:52761	error
RHEA:52762	error
RHEA:52763	error
RHEA:52764	error
RHEA:52765	error
RHEA:52766	error
RHEA:52768	error
RHEA:52769	error
RHEA:52772	error
RHEA:52773	error
RHEA:52774	error
RHEA:52775	error
RHEA:52776	error
RHEA:52777	error
RHEA:52778	error
RHEA:52779	error
RHEA:52781	error
RHEA:52782	error
RHEA:52785	error
RHEA:52786	error
RHEA:52787	error
RHEA:52788	error
RHEA:52790	error
RHEA:52791	error
RHEA:52792	error
RHEA:52793	error
RHEA:52797	error
RHEA:52798	error
RHEA:52799	error
RHEA:52800	error
RHEA:52801	error
RHEA:52802	error
RHEA:52804	error
RHEA:52806	error
RHEA:52807	error
RHEA:52810	error
RHEA:52811	error
RHEA:52812	error
RHEA:52813	error
RHEA:52814	error
RHEA:52815	DNE
RHEA:52816	error
RHEA:52817	error
RHEA:52818	error
RHEA:52820	error
RHEA:52821	error
RHEA:52824	error
RHEA:52825	error
RHEA:52826	error
RHEA:52827	error
RHEA:52828	error
RHEA:52829	error
RHEA:52830	error
RHEA:52832	error
RHEA:52833	error
RHEA:52835	error
RHEA:52836	error
RHEA:52837	error
RHEA:52838	error
RHEA:52839	error
RHEA:52840	error
RHEA:52841	error
RHEA:52842	error
RHEA:52844	error
RHEA:52845	error
RHEA:52848	error
RHEA:52849	error
RHEA:52850	error
RHEA:52851	error
RHEA:52852	error
RHEA:52853	error
RHEA:52854	error
RHEA:52855	error
RHEA:52856	error
RHEA:52858	error
RHEA:52859	error
RHEA:52862	error
RHEA:52863	error
RHEA:52864	error
RHEA:52865	error
RHEA:52866	DNE
RHEA:52867	error
RHEA:52871	error
RHEA:52872	error
RHEA:52873	error
RHEA:52874	error
RHEA:52875	error
RHEA:52876	error
RHEA:52877	error
RHEA:52932	DNE
RHEA:52933	DNE
RHEA:52934	DNE
RHEA:52935	DNE
RHEA:52970	error
RHEA:52971	error
RHEA:52972	error
RHEA:52973	error
RHEA:52974	error
RHEA:52975	error
RHEA:52978	error
RHEA:52979	error
RHEA:52980	error
RHEA:52982	error
RHEA:52983	error
RHEA:52984	error
RHEA:52985	error
RHEA:52986	error
RHEA:52988	error
RHEA:52989	error
RHEA:52992	error
RHEA:52993	error
RHEA:52994	error
RHEA:52995	error
RHEA:52996	error
RHEA:52999	error
RHEA:53000	error
RHEA:53001	error
RHEA:53002	error
RHEA:53003	error
RHEA:53004	error
RHEA:53005	error
RHEA:53006	error
RHEA:53007	error
RHEA:53009	error
RHEA:53010	error
RHEA:53013	error
RHEA:53014	error
RHEA:53015	error
RHEA:53016	error
RHEA:53017	error
RHEA:53018	error
RHEA:53019	error
RHEA:53021	error
RHEA:53022	error
RHEA:53025	error
RHEA:53026	error
RHEA:53027	error
RHEA:53028	error
RHEA:53029	error
RHEA:53030	error
RHEA:53031	error
RHEA:53035	error
RHEA:53036	error
RHEA:53037	error
RHEA:53039	error
RHEA:53040	error
RHEA:53041	error
RHEA:53042	error
RHEA:53043	error
RHEA:53044	error
RHEA:53046	error
RHEA:53047	error
RHEA:53050	error
RHEA:53051	error
RHEA:53052	error
RHEA:53053	error
RHEA:53054	error
RHEA:53055	error
RHEA:53056	error
RHEA:53057	error
RHEA:53058	error
RHEA:53060	error
RHEA:53061	error
RHEA:53063	error
RHEA:53064	error
RHEA:53065	error
RHEA:53066	error
RHEA:53067	error
RHEA:53068	error
RHEA:53070	error
RHEA:53071	error
RHEA:53073	error
RHEA:53074	error
RHEA:53075	error
RHEA:53076	error
RHEA:53077	error
RHEA:53078	error
RHEA:53079	error
RHEA:53080	error
RHEA:53081	error
RHEA:53083	error
RHEA:53085	error
RHEA:53087	error
RHEA:53088	error
RHEA:53089	error
RHEA:53090	error
RHEA:53091	error
RHEA:53092	error
RHEA:53093	error
RHEA:53094	error
RHEA:53095	error
RHEA:53096	error
RHEA:53217	error
RHEA:53219	error
RHEA:53220	error
RHEA:53222	error
RHEA:53223	error
RHEA:53224	error
RHEA:53225	error
RHEA:53226	error
RHEA:53227	error
RHEA:53228	error
RHEA:53229	error
RHEA:53231	error
RHEA:53232	error
RHEA:53235	error
RHEA:53236	error
RHEA:53237	error
RHEA:53238	error
RHEA:53239	error
RHEA:53240	error
RHEA:53241	error
RHEA:53243	error
RHEA:53244	error
RHEA:53246	error
RHEA:53248	error
RHEA:53249	error
RHEA:53253	error
RHEA:53254	error
RHEA:53255	error
RHEA:53256	error
RHEA:53257	error
RHEA:53258	error
RHEA:53259	error
RHEA:53261	error
RHEA:53263	error
RHEA:53264	error
RHEA:53265	error
RHEA:53266	error
RHEA:53267	error
RHEA:53268	error
RHEA:53269	error
RHEA:53270	error
RHEA:53272	error
RHEA:53273	error
RHEA:53276	error
RHEA:53277	error
RHEA:53278	error
RHEA:53279	error
RHEA:53280	error
RHEA:53281	error
RHEA:53282	error
RHEA:53283	error
RHEA:53285	error
RHEA:53288	error
RHEA:53289	error
RHEA:53290	error
RHEA:53291	error
RHEA:53292	error
RHEA:53296	error
RHEA:53297	error
RHEA:53299	error
RHEA:53300	error
RHEA:53301	error
RHEA:53303	error
RHEA:53304	error
RHEA:53305	error
RHEA:53306	error
RHEA:53307	error
RHEA:53309	error
RHEA:53310	error
RHEA:53312	error
RHEA:53313	error
RHEA:53314	error
RHEA:53315	error
RHEA:53317	error
RHEA:53318	error
RHEA:53319	error
RHEA:53321	error
RHEA:53322	error
RHEA:53384	error
RHEA:53385	error
RHEA:53386	error
RHEA:53387	error
RHEA:53388	error
RHEA:53389	error
RHEA:53390	error
RHEA:53391	error
RHEA:53393	error
RHEA:53394	error
RHEA:53397	error
RHEA:53398	error
RHEA:53399	error
RHEA:53400	error
RHEA:53401	error
RHEA:53402	error
RHEA:53403	error
RHEA:53404	DNE
RHEA:53405	error
RHEA:53406	error
RHEA:53407	DNE
RHEA:53409	error
RHEA:53410	error
RHEA:53411	error
RHEA:53412	error
RHEA:53413	error
RHEA:53414	error
RHEA:53415	error
RHEA:53416	error
RHEA:53418	error
RHEA:53419	error
RHEA:53421	error
RHEA:53422	error
RHEA:53423	error
RHEA:53424	DNE
RHEA:53425	DNE
RHEA:53426	DNE
RHEA:53427	error
RHEA:53428	error
RHEA:53429	error
RHEA:53431	error
RHEA:53432	error
RHEA:53433	error
RHEA:53434	error
RHEA:53435	error
RHEA:53436	error
RHEA:53437	error
RHEA:53439	error
RHEA:53440	error
RHEA:53443	error
RHEA:53444	error
RHEA:53446	error
RHEA:53447	error
RHEA:53448	error
RHEA:53449	error
RHEA:53451	error
RHEA:53454	error
RHEA:53455	error
RHEA:53456	error
RHEA:53457	error
RHEA:53458	error
RHEA:53459	error
RHEA:53460	error
RHEA:53462	error
RHEA:53466	error
RHEA:53467	error
RHEA:53468	error
RHEA:53469	error
RHEA:53470	error
RHEA:53471	error
RHEA:53473	error
RHEA:53476	error
RHEA:53477	error
RHEA:53478	error
RHEA:53479	error
RHEA:53480	error
RHEA:53481	error
RHEA:53482	error
RHEA:53486	error
RHEA:53488	error
RHEA:53489	error
RHEA:53490	error
RHEA:53491	error
RHEA:53493	error
RHEA:53494	error
RHEA:53496	error
RHEA:53498	error
RHEA:53500	error
RHEA:53501	error
RHEA:53502	error
RHEA:53503	error
RHEA:53504	error
RHEA:53505	error
RHEA:53506	error
RHEA:53507	error
RHEA:53509	error
RHEA:53510	error
RHEA:53536	DNE
RHEA:53537	DNE
RHEA:53538	DNE
RHEA:53539	DNE
RHEA:53608	DNE
RHEA:53609	DNE
RHEA:53610	DNE
RHEA:53611	DNE
RHEA:53664	DNE
RHEA:53665	DNE
RHEA:53666	DNE
RHEA:53667	DNE
RHEA:53735	error
RHEA:53768	error
RHEA:53773	error
RHEA:53774	error
RHEA:53775	error
RHEA:53776	error
RHEA:53778	error
RHEA:53779	error
RHEA:53783	error
RHEA:53784	error
RHEA:53785	error
RHEA:53786	error
RHEA:53787	error
RHEA:53788	error
RHEA:53789	error
RHEA:53791	error
RHEA:53795	error
RHEA:53796	error
RHEA:53797	error
RHEA:53798	error
RHEA:53799	error
RHEA:53800	error
RHEA:53801	error
RHEA:53802	error
RHEA:53803	error
RHEA:53804	error
RHEA:53806	error
RHEA:53807	error
RHEA:53808	error
RHEA:53811	error
RHEA:53812	error
RHEA:53813	error
RHEA:53814	error
RHEA:53815	error
RHEA:53816	error
RHEA:53817	error
RHEA:53818	error
RHEA:53819	error
RHEA:53822	error
RHEA:53823	error
RHEA:53826	error
RHEA:53827	error
RHEA:53828	error
RHEA:53829	error
RHEA:53830	error
RHEA:53831	error
RHEA:53832	error
RHEA:53833	error
RHEA:53834	error
RHEA:53836	error
RHEA:53837	error
RHEA:53839	error
RHEA:53840	error
RHEA:53841	error
RHEA:53842	error
RHEA:53843	error
RHEA:53844	error
RHEA:53845	error
RHEA:53846	error
RHEA:53847	error
RHEA:53849	error
RHEA:53851	error
RHEA:53853	error
RHEA:53854	error
RHEA:53855	error
RHEA:53856	error
RHEA:53857	error
RHEA:53858	error
RHEA:53859	error
RHEA:53861	error
RHEA:53862	error
RHEA:53863	error
RHEA:53865	error
RHEA:53868	error
RHEA:53869	error
RHEA:53871	error
RHEA:53872	error
RHEA:53873	error
RHEA:53874	error
RHEA:53875	error
RHEA:53876	error
RHEA:53881	error
RHEA:53882	error
RHEA:53883	error
RHEA:53931	error
RHEA:53932	error
RHEA:53933	error
RHEA:53935	error
RHEA:53936	DNE
RHEA:53937	error
RHEA:53938	error
RHEA:53939	error
RHEA:53940	error
RHEA:53941	error
RHEA:53942	error
RHEA:53943	error
RHEA:53944	error
RHEA:53947	error
RHEA:53949	error
RHEA:53951	error
RHEA:53952	error
RHEA:53953	error
RHEA:53954	error
RHEA:53955	error
RHEA:53956	error
RHEA:53957	error
RHEA:53959	error
RHEA:53961	error
RHEA:53964	error
RHEA:53965	error
RHEA:53966	error
RHEA:53967	error
RHEA:53968	error
RHEA:53969	error
RHEA:53970	error
RHEA:53971	error
RHEA:53972	error
RHEA:53973	error
RHEA:53974	DNE
RHEA:53975	DNE
RHEA:53976	DNE
RHEA:53977	error
RHEA:53978	DNE
RHEA:53979	error
RHEA:53980	DNE
RHEA:53981	error
RHEA:53982	error
RHEA:53983	error
RHEA:53984	error
RHEA:53985	error
RHEA:53986	error
RHEA:53987	DNE
RHEA:53988	error
RHEA:53991	error
RHEA:53992	error
RHEA:53993	error
RHEA:53994	error
RHEA:53995	error
RHEA:53996	error
RHEA:53997	error
RHEA:53998	error
RHEA:53999	DNE
RHEA:54000	error
RHEA:54001	error
RHEA:54002	DNE
RHEA:54003	DNE
RHEA:54004	error
RHEA:54005	error
RHEA:54006	error
RHEA:54007	DNE
RHEA:54008	error
RHEA:54009	error
RHEA:54010	error
RHEA:54011	error
RHEA:54012	error
RHEA:54013	DNE
RHEA:54014	DNE
RHEA:54015	DNE
RHEA:54016	error
RHEA:54017	error
RHEA:54018	error
RHEA:54019	error
RHEA:54020	error
RHEA:54021	error
RHEA:54023	error
RHEA:54024	error
RHEA:54026	error
RHEA:54029	error
RHEA:54030	error
RHEA:54031	error
RHEA:54032	error
RHEA:54033	error
RHEA:54035	error
RHEA:54036	error
RHEA:54037	error
RHEA:54039	error
RHEA:54042	error
RHEA:54043	error
RHEA:54046	error
RHEA:54047	error
RHEA:54048	error
RHEA:54050	error
RHEA:54051	error
RHEA:54052	error
RHEA:54053	error
RHEA:54055	error
RHEA:54056	error
RHEA:54059	error
RHEA:54060	error
RHEA:54061	error
RHEA:54063	error
RHEA:54064	error
RHEA:54065	error
RHEA:54066	error
RHEA:54067	error
RHEA:54068	error
RHEA:54069	error
RHEA:54071	error
RHEA:54073	error
RHEA:54074	error
RHEA:54075	error
RHEA:54177	error
RHEA:54178	error
RHEA:54179	error
RHEA:54180	error
RHEA:54181	error
RHEA:54182	error
RHEA:54183	error
RHEA:54185	error
RHEA:54188	error
RHEA:54189	error
RHEA:54190	error
RHEA:54191	error
RHEA:54192	error
RHEA:54193	error
RHEA:54194	error
RHEA:54195	error
RHEA:54197	error
RHEA:54198	error
RHEA:54201	error
RHEA:54202	error
RHEA:54203	error
RHEA:54205	error
RHEA:54206	error
RHEA:54207	error
RHEA:54208	error
RHEA:54212	error
RHEA:54213	error
RHEA:54214	error
RHEA:54215	error
RHEA:54216	error
RHEA:54217	error
RHEA:54218	error
RHEA:54219	error
RHEA:54220	error
RHEA:54221	error
RHEA:54223	error
RHEA:54226	error
RHEA:54227	error
RHEA:54228	error
RHEA:54229	error
RHEA:54230	error
RHEA:54231	error
RHEA:54232	error
RHEA:54233	error
RHEA:54235	error
RHEA:54238	error
RHEA:54239	error
RHEA:54240	error
RHEA:54241	error
RHEA:54243	error
RHEA:54244	error
RHEA:54245	error
RHEA:54246	error
RHEA:54248	error
RHEA:54251	error
RHEA:54252	error
RHEA:54254	error
RHEA:54255	error
RHEA:54256	error
RHEA:54257	error
RHEA:54259	error
RHEA:54262	error
RHEA:54265	error
RHEA:54266	error
RHEA:54267	error
RHEA:54268	error
RHEA:54269	error
RHEA:54270	error
RHEA:54271	error
RHEA:54272	error
RHEA:54273	error
RHEA:54274	error
RHEA:54276	error
RHEA:54278	error
RHEA:54279	error
RHEA:54280	error
RHEA:54312	DNE
RHEA:54313	DNE
RHEA:54314	DNE
RHEA:54315	DNE
RHEA:54316	DNE
RHEA:54317	DNE
RHEA:54318	DNE
RHEA:54319	DNE
RHEA:54368	error
RHEA:54374	error
RHEA:54377	error
RHEA:54378	error
RHEA:54379	error
RHEA:54380	error
RHEA:54381	error
RHEA:54382	error
RHEA:54383	error
RHEA:54385	error
RHEA:54387	error
RHEA:54389	error
RHEA:54390	error
RHEA:54391	error
RHEA:54392	error
RHEA:54393	error
RHEA:54394	error
RHEA:54395	error
RHEA:54396	error
RHEA:54397	error
RHEA:54401	error
RHEA:54402	error
RHEA:54403	error
RHEA:54404	error
RHEA:54405	error
RHEA:54406	DNE
RHEA:54407	DNE
RHEA:54409	error
RHEA:54410	error
